match_id,player_name,sets,balls_bowled,runs_conceded,how_many_out,extras
125,A King,3.0,15,24,1,0
125,A Shrubsole,4.0,22,23,2,2
125,A Stonehouse,2.2,14,16,0,8
125,BF Smith,4.0,20,34,2,0
125,CL Tryon,4.0,20,19,0,0
125,GL Adams,4.0,20,25,2,0
125,KH Brunt,3.0,17,32,0,2
125,KL Gordon,4.0,20,17,2,0
125,M Brown,4.0,22,41,0,2
125,MLL Taylor,4.0,20,18,3,0
125,ND Dattani,4.0,21,30,1,1
126,AN Davidson-Richards,4.0,21,20,4,2
126,C Pavely,1.0,5,9,0,0
126,EA Burns,3.0,16,17,0,2
126,EL Arlott,1.0,5,7,0,0
126,G Ballinger,4.0,20,24,0,0
126,G Wareham,4.0,21,24,1,1
126,HL Baker,2.6,13,20,1,0
126,IECM Wong,1.0,5,9,1,0
126,KA Levick,4.0,20,18,1,0
126,KL Cross,4.0,20,26,2,0
126,L Dobson,1.0,5,6,0,0
126,LCN Smith,3.0,15,10,1,0
126,SFM Devine,2.0,12,14,0,2
126,T Flintoff,1.0,5,16,0,0
127,A Griffiths,4.0,20,26,2,0
127,A Hartley,3.0,15,22,0,0
127,A Shrubsole,4.0,20,42,1,0
127,C Nicholas,2.0,10,13,0,0
127,CL Tryon,4.0,21,28,1,1
127,FR Davies,3.0,17,36,0,2
127,GL Adams,4.0,20,38,1,0
127,HK Matthews,4.0,21,35,2,1
127,K Moore,4.0,21,13,0,1
127,M Brown,1.0,7,19,0,3
127,MLL Taylor,3.0,15,25,0,0
127,S Ismail,4.0,21,28,0,1
128,A Shrubsole,4.0,21,13,2,1
128,AN Davidson-Richards,2.4,12,26,0,0
128,CL Tryon,4.0,20,25,2,0
128,G Ballinger,1.0,5,8,0,0
128,G Wareham,4.0,20,15,2,0
128,GL Adams,4.0,20,21,3,0
128,JI Rodrigues,2.0,10,18,0,0
128,K Moore,4.0,20,22,0,0
128,KL Cross,4.2,21,13,1,0
128,LCN Smith,4.0,21,11,2,1
128,LK Bell,4.0,20,14,1,0
129,A Capsey,1.0,5,7,0,0
129,A Griffiths,4.0,21,15,3,1
129,C Nicholas,4.0,21,17,1,1
129,E Gray,1.0,5,6,0,0
129,FR Davies,3.6,18,15,1,0
129,GA Elwiss,2.0,10,4,2,0
129,HK Matthews,1.0,5,8,0,0
129,LE Scott,1.0,5,9,0,0
129,M Kapp,4.0,21,18,4,1
129,PJ Scholfield,4.0,21,19,2,1
129,R MacDonald-Gay,3.0,15,17,0,0
129,S Ismail,4.0,20,12,3,0
129,SIR Dunkley,1.0,5,6,0,0
129,Sophia Smale,2.0,10,5,1,0
130,A Wellington,4.0,20,16,1,0
130,C Pavely,1.0,5,3,0,0
130,EA Burns,3.0,15,14,0,0
130,EL Arlott,1.0,5,3,0,0
130,FMK Morris,3.2,16,7,5,0
130,HL Baker,4.0,21,15,2,1
130,IECM Wong,1.0,5,5,0,0
130,KA Levick,4.0,20,12,2,0
130,KE Bryce,2.0,10,14,0,0
130,KL George,2.0,12,20,0,3
130,M Gaur,4.0,20,18,0,0
130,S Ecclestone,4.0,20,11,4,0
130,SFM Devine,2.8,15,23,0,2
130,T Flintoff,3.0,15,10,1,0
131,A Shrubsole,2.0,12,13,0,2
131,AC Kerr,4.0,20,31,0,0
131,CE Dean,2.0,11,12,1,1
131,CL Tryon,3.0,15,15,0,0
131,DR Gibson,3.4,19,19,1,2
131,GL Adams,4.0,20,11,4,0
131,K Moore,3.0,15,31,0,0
131,L Filer,2.0,13,16,0,3
131,LK Bell,4.0,21,24,1,1
131,M Brown,1.0,5,6,0,0
131,S Glenn,4.0,20,15,3,0
131,TG Norris,1.0,5,13,0,0
132,A King,4.0,21,35,1,5
132,A Stonehouse,2.0,10,10,1,0
132,AN Davidson-Richards,2.0,10,13,0,0
132,BF Smith,3.0,16,20,0,2
132,G Ballinger,3.0,15,18,0,0
132,G Wareham,4.0,22,24,2,4
132,KH Brunt,3.0,15,8,0,0
132,KL Cross,3.0,15,14,0,0
132,KL Gordon,4.0,20,25,1,0
132,LCN Smith,4.0,20,27,2,0
132,LF Higham,4.0,20,29,3,0
132,ND Dattani,4.0,22,35,1,2
133,A Capsey,1.0,7,13,0,2
133,A Wellington,4.0,20,29,2,0
133,E Gray,4.0,20,18,2,0
133,FMK Morris,3.0,15,19,1,0
133,KE Bryce,2.0,10,9,0,0
133,KL George,3.0,17,31,0,4
133,M Gaur,4.0,20,13,1,0
133,M Kapp,4.0,20,24,1,0
133,PJ Scholfield,4.0,21,20,1,1
133,R MacDonald-Gay,4.0,21,16,5,1
133,S Ecclestone,4.0,20,22,3,0
133,Sophia Smale,3.0,15,24,0,0
134,A Griffiths,4.0,20,23,1,0
134,C Nicholas,4.0,20,26,0,0
134,EA Burns,2.0,11,6,0,1
134,EL Arlott,4.0,21,33,2,5
134,FR Davies,4.0,20,20,0,0
134,GA Elwiss,2.0,10,17,0,0
134,HL Baker,4.0,20,21,2,0
134,IECM Wong,2.0,13,18,0,7
134,KA Levick,4.0,21,28,2,1
134,S Ismail,4.0,21,31,3,1
134,SFM Devine,2.0,10,19,0,0
134,SIR Dunkley,2.0,10,16,0,0
134,T Flintoff,2.0,10,11,1,0
135,A Capsey,3.0,15,16,1,0
135,AN Davidson-Richards,4.0,21,26,1,2
135,E Gray,2.0,10,13,1,0
135,G Ballinger,4.0,21,21,0,2
135,G Wareham,4.0,20,20,2,0
135,KL Cross,4.0,20,32,1,0
135,LCN Smith,4.0,20,26,1,0
135,M Kapp,4.0,21,22,2,2
135,MK Villiers,4.0,21,26,0,1
135,PJ Scholfield,2.0,10,23,0,0
135,R MacDonald-Gay,3.0,15,30,0,0
135,Sophia Smale,2.0,11,13,0,1
136,A King,4.0,20,18,1,0
136,A Stonehouse,4.0,21,27,0,1
136,AC Kerr,2.0,10,18,0,0
136,BF Smith,4.0,20,19,1,0
136,CE Dean,3.0,15,11,1,0
136,DR Gibson,2.2,12,25,1,2
136,G Potts,1.0,7,11,0,3
136,G Scrivens,2.0,10,30,0,0
136,J Gardner,1.0,7,10,0,2
136,KL Gordon,4.0,20,19,2,0
136,L Filer,3.0,16,21,1,1
136,ND Dattani,2.0,10,20,0,0
136,S Glenn,4.0,20,19,2,0
136,TG Norris,1.0,5,2,0,0
137,A Griffiths,3.0,15,22,0,0
137,A Shrubsole,4.0,20,22,1,0
137,C Nicholas,3.0,15,29,0,0
137,CL Tryon,4.0,20,31,1,0
137,FR Davies,4.0,21,29,3,1
137,GA Elwiss,4.0,20,25,2,0
137,GL Adams,4.0,20,22,2,0
137,K Moore,4.0,21,24,0,1
137,LK Bell,4.0,23,44,1,4
137,S Ismail,4.0,20,19,3,0
137,SIR Dunkley,2.0,10,12,0,0
138,A Wellington,4.0,20,21,0,0
138,AN Davidson-Richards,3.0,15,23,3,0
138,DJS Dottin,2.0,12,16,1,2
138,FMK Morris,4.0,20,19,1,0
138,G Ballinger,2.0,12,14,1,2
138,G Wareham,4.0,20,22,0,0
138,KE Bryce,3.0,15,24,1,0
138,KL Cross,3.0,16,17,1,2
138,KL George,1.0,5,18,0,0
138,LCN Smith,3.0,16,25,1,1
138,LF Higham,1.0,5,5,1,0
138,M Gaur,2.0,11,18,1,1
138,S Ecclestone,4.0,20,17,1,0
139,A Capsey,1.0,5,9,0,0
139,E Gray,4.0,21,26,0,1
139,EA Burns,4.0,20,30,0,0
139,EL Arlott,1.0,5,13,0,0
139,HL Baker,4.0,20,20,2,0
139,IECM Wong,1.0,6,14,0,2
139,KA Levick,4.0,20,19,2,0
139,M Kapp,4.0,20,16,0,0
139,MK Villiers,1.0,5,7,0,0
139,PJ Scholfield,4.0,20,30,3,0
139,R MacDonald-Gay,4.0,21,28,3,2
139,SFM Devine,2.0,10,14,0,0
139,Sophia Smale,2.0,10,15,0,0
139,T Flintoff,4.0,22,30,1,2
140,A Griffiths,4.0,21,25,0,1
140,A Hartley,3.0,15,28,1,0
140,A King,4.0,20,16,1,0
140,A Stonehouse,4.0,20,31,0,0
140,BF Smith,4.0,21,52,0,2
140,C Nicholas,3.0,15,23,0,0
140,CM McCarthy,2.0,11,24,0,1
140,FR Davies,4.0,20,19,2,0
140,KL Gordon,4.0,20,27,2,0
140,ND Dattani,2.0,11,27,0,1
140,S Ismail,4.0,20,23,1,0
140,SIR Dunkley,2.0,10,16,1,0
141,A Capsey,2.0,10,18,0,0
141,AC Kerr,4.0,20,16,4,0
141,CE Dean,4.0,20,20,2,0
141,DR Gibson,2.0,10,6,1,0
141,E Gray,1.0,7,10,0,2
141,L Filer,3.0,15,16,0,0
141,M Kapp,4.0,20,13,3,0
141,MK Villiers,4.0,21,20,2,2
141,PJ Scholfield,2.0,11,15,0,2
141,R MacDonald-Gay,4.2,22,23,2,2
141,S Glenn,4.0,20,20,1,0
141,Sophia Smale,3.0,15,15,2,0
141,TG Norris,3.0,16,19,2,1
142,A Shrubsole,4.0,21,30,2,2
142,AH Maqsood,1.0,5,10,0,0
142,CL Tryon,4.0,20,22,0,0
142,EA Burns,4.0,20,18,1,0
142,EL Arlott,3.0,16,22,2,2
142,GL Adams,4.0,20,25,2,0
142,HL Baker,4.0,20,24,0,0
142,K Moore,4.0,21,24,1,1
142,KA Levick,4.0,20,23,1,0
142,LK Bell,4.0,24,27,3,4
142,SFM Devine,1.0,7,9,0,2
142,T Flintoff,3.0,17,21,0,3
143,A King,4.0,20,12,1,0
143,A Stonehouse,4.0,24,27,1,6
143,A Wellington,2.0,10,21,0,0
143,BF Smith,4.0,20,27,1,0
143,FMK Morris,2.0,10,11,0,0
143,KE Bryce,1.0,5,9,0,0
143,KH Brunt,4.0,21,20,1,1
143,KL Gordon,4.0,20,18,1,0
143,M Gaur,4.0,20,30,0,0
143,S Ecclestone,3.8,19,34,1,0
144,AC Kerr,4.0,20,24,2,0
144,AN Davidson-Richards,3.0,15,22,1,0
144,CE Dean,3.8,20,22,0,2
144,DR Gibson,2.0,12,22,0,2
144,G Ballinger,4.0,20,20,1,0
144,G Wareham,4.0,20,34,3,0
144,KL Cross,4.0,20,27,0,0
144,L Filer,4.0,22,32,1,2
144,LCN Smith,3.0,17,16,1,3
144,LF Higham,2.0,10,14,1,0
144,S Glenn,4.0,20,19,3,0
144,TG Norris,2.0,10,17,0,0
145,A King,4.0,20,23,2,0
145,A Stonehouse,4.0,21,20,0,2
145,BF Smith,4.0,20,34,0,0
145,C Brewer,2.0,11,26,0,1
145,EA Burns,1.0,5,7,0,0
145,EL Arlott,4.0,20,15,3,0
145,HL Baker,4.0,20,21,0,0
145,KA Levick,4.0,20,30,2,0
145,KH Brunt,4.0,21,32,0,1
145,KL Gordon,4.0,20,20,2,0
145,SFM Devine,3.0,16,19,1,1
145,T Flintoff,2.0,12,13,0,6
146,A Shrubsole,3.0,16,19,1,1
146,CL Tryon,4.0,20,19,0,0
146,E Gray,2.2,11,23,0,0
146,GL Adams,4.0,21,23,2,1
146,K Moore,4.0,20,25,1,0
146,LK Bell,4.0,23,35,1,5
146,M Brown,1.0,6,8,1,1
146,M Kapp,4.0,22,18,1,3
146,MK Villiers,3.0,15,25,0,0
146,N de Klerk,3.0,16,20,1,1
146,PJ Scholfield,4.0,22,25,1,2
146,R MacDonald-Gay,1.0,7,9,0,2
146,Sophia Smale,2.0,10,10,0,0
147,A Wellington,4.0,20,17,2,0
147,AN Davidson-Richards,3.0,16,24,0,1
147,EL Lamb,2.0,10,9,0,0
147,FMK Morris,4.0,20,16,1,0
147,G Ballinger,2.0,10,12,0,0
147,G Wareham,4.0,20,7,3,0
147,KE Bryce,4.0,21,19,3,1
147,KL Cross,4.0,21,25,1,1
147,LCN Smith,4.0,20,22,1,0
147,LF Higham,2.8,14,17,2,0
147,M Gaur,3.0,17,21,2,3
147,PC Graham,2.0,11,17,0,1
147,S Ecclestone,1.0,5,7,0,0
148,A Griffiths,2.0,10,19,0,0
148,A Hartley,3.0,15,20,1,0
148,AC Kerr,4.0,21,27,2,1
148,C Nicholas,4.0,20,21,1,0
148,CE Dean,4.0,20,31,0,0
148,DR Gibson,1.0,6,14,0,2
148,FR Davies,4.0,22,35,1,6
148,L Filer,1.0,7,11,0,3
148,S Glenn,4.0,20,24,0,0
148,S Ismail,4.0,20,26,2,0
148,S Munro,3.0,17,24,2,3
148,SIR Dunkley,3.0,16,15,2,1
148,TG Norris,3.0,15,29,0,0
149,A King,4.0,20,36,0,0
149,A Stonehouse,4.0,22,39,2,4
149,BF Smith,4.0,21,32,1,1
149,CM McCarthy,2.0,12,9,0,3
149,E Gray,2.0,10,12,1,0
149,KL Gordon,4.0,20,19,2,0
149,M Kapp,4.0,21,27,1,1
149,N de Klerk,4.0,21,35,1,1
149,ND Dattani,2.0,11,14,1,1
149,PJ Scholfield,4.0,20,31,2,0
149,R MacDonald-Gay,2.0,11,20,0,2
149,Sophia Smale,4.0,20,26,3,0
150,A Griffiths,1.0,5,8,0,0
150,A Hartley,3.0,16,23,1,1
150,AN Davidson-Richards,4.0,22,29,2,3
150,C Nicholas,4.0,21,20,1,1
150,FR Davies,4.0,21,32,1,1
150,G Ballinger,4.0,21,28,3,5
150,G Wareham,4.0,21,28,0,2
150,GA Elwiss,2.0,10,16,0,0
150,HJ Armitage,1.4,11,19,0,6
150,KL Cross,4.0,21,19,2,2
150,LF Higham,2.6,13,5,1,0
150,S Ismail,4.0,20,26,0,0
150,SIR Dunkley,2.0,10,14,1,0
151,A Shrubsole,4.0,21,33,2,1
151,A Wellington,4.0,20,28,0,0
151,CL Tryon,4.0,20,24,0,0
151,DN Wyatt,1.0,5,4,0,0
151,EL Lamb,1.0,5,20,0,0
151,FMK Morris,2.0,10,19,0,0
151,GL Adams,4.0,20,19,1,0
151,K Moore,3.0,15,23,0,0
151,KE Bryce,3.4,17,20,2,0
151,LK Bell,4.0,22,15,1,2
151,M Gaur,3.0,16,23,0,1
151,PC Graham,1.0,5,10,0,0
152,AC Kerr,3.2,16,13,4,0
152,C Pavely,3.0,16,29,1,3
152,CE Dean,3.0,15,14,2,0
152,DR Gibson,2.0,11,11,2,1
152,EA Burns,3.0,16,26,1,1
152,EL Arlott,4.0,21,25,1,1
152,IECM Wong,1.0,7,16,0,3
152,KA Levick,4.0,20,29,1,0
152,L Filer,1.0,7,22,0,4
152,S Glenn,4.0,20,22,2,0
152,S Munro,1.0,6,8,0,1
152,SFM Devine,2.0,10,21,1,0
152,T Flintoff,3.0,16,23,0,1
152,TG Norris,1.0,5,8,0,0
153,AN Davidson-Richards,2.0,10,10,0,0
153,G Ballinger,4.0,20,24,1,0
153,G Wareham,3.0,15,16,0,0
153,KL Cross,3.0,16,34,0,1
153,LF Higham,3.0,15,16,1,0
154,A Shrubsole,3.0,16,18,1,1
154,AN Davidson-Richards,4.0,20,31,0,0
154,CL Tryon,4.0,21,28,2,1
154,G Ballinger,4.0,20,28,1,0
154,G Wareham,4.0,20,28,0,0
154,GL Adams,4.0,21,21,0,1
154,K Moore,4.0,20,15,3,0
154,KL Cross,4.0,20,21,4,0
154,LF Higham,4.0,21,31,1,2
154,LK Bell,3.8,20,21,4,1
155,C Overton,4.0,20,33,2,0
155,CJ Jordan,4.0,20,18,4,0
155,DR Sams,3.8,20,26,4,1
155,GHS Garton,3.0,15,17,1,0
155,Imad Wasim,3.0,15,15,2,0
155,JK Fuller,2.0,10,18,0,0
155,L Gregory,3.0,16,19,3,1
155,L Wood,4.0,21,26,1,1
155,M Carter,2.0,10,15,0,0
155,Rehan Ahmed,3.0,16,17,0,1
155,SJ Cook,4.0,20,23,0,0
155,TS Mills,4.0,21,24,1,1
156,DA Payne,2.0,10,27,0,0
156,DJ Willey,2.0,11,17,2,2
156,Haris Rauf,2.0,10,15,0,0
156,J Little,2.0,13,22,2,4
156,JC Tongue,2.0,12,25,0,2
156,PI Walter,1.0,6,13,0,1
156,Shaheen Shah Afridi,2.0,10,24,2,0
156,TW Hartley,1.0,5,7,1,0
156,Usama Mir,2.0,10,22,0,0
157,AAP Atkinson,3.0,16,22,1,1
157,DJ Mitchell,1.0,5,5,0,0
157,DJ Worrall,4.0,21,23,2,1
157,JA Thompson,4.0,21,23,2,1
157,LA Dawson,4.0,20,29,0,0
157,MJJ Critchley,2.0,10,13,1,0
157,NA Sowter,4.0,22,34,3,2
157,NT Ellis,3.8,21,31,2,4
157,RS Bopara,1.0,5,8,0,0
157,SM Curran,4.0,22,31,3,2
157,SP Narine,4.0,20,14,2,0
157,TK Curran,4.0,20,22,1,0
157,ZJ Chappell,1.0,5,8,0,0
158,AU Rashid,3.4,17,14,1,0
158,BA Carse,1.0,5,16,0,0
158,D Wiese,2.0,12,23,0,3
158,MW Short,2.0,11,9,2,1
158,RJW Topley,2.0,11,7,1,1
158,WD Parnell,2.0,10,14,1,0
159,C Overton,4.0,21,41,2,5
159,DA Payne,4.0,20,27,1,0
159,DJ Willey,4.0,20,40,1,0
159,GHS Garton,3.0,15,19,1,0
159,Haris Rauf,4.0,21,27,4,2
159,JK Fuller,4.0,21,26,0,1
159,RE van der Merwe,4.0,20,33,1,0
159,Rehan Ahmed,4.0,20,28,2,0
159,Shaheen Shah Afridi,4.0,20,16,1,0
159,TH David,1.0,5,7,0,0
159,TS Mills,4.0,22,23,2,2
160,DJ Worrall,3.0,15,15,1,0
160,JA Thompson,2.0,10,28,0,0
160,LA Dawson,4.0,20,27,1,0
160,MJJ Critchley,2.0,12,30,1,6
160,NT Ellis,3.0,16,25,0,2
160,RS Bopara,2.0,11,13,2,2
161,AU Rashid,4.0,20,29,1,0
161,BA Carse,1.0,5,5,0,0
161,C Overton,3.0,15,23,0,0
161,CF Parkinson,4.0,21,20,0,1
161,D Wiese,2.0,10,19,0,0
161,GHS Garton,4.0,24,39,0,6
161,JK Fuller,2.0,11,39,0,1
161,JL du Plooy,1.0,6,16,0,2
161,MW Short,1.0,5,8,0,0
161,RJW Topley,4.0,22,30,3,2
161,Rehan Ahmed,4.0,20,21,1,0
161,TH David,2.0,10,25,0,0
161,TS Mills,4.0,22,36,2,2
161,WD Parnell,4.0,20,30,1,0
162,AAP Atkinson,4.0,20,26,3,0
162,BGF Green,4.0,21,26,2,2
162,DA Payne,4.0,22,33,2,2
162,DJ Willey,2.0,10,18,0,0
162,Haris Rauf,4.0,21,27,0,2
162,NA Sowter,1.0,5,5,0,0
162,RE van der Merwe,2.0,10,11,1,0
162,SM Curran,4.0,20,33,0,0
162,SP Narine,3.0,15,25,0,0
162,Shaheen Shah Afridi,4.0,21,22,2,1
162,TK Curran,4.0,21,27,2,2
162,ZJ Chappell,4.0,20,15,1,0
163,AF Milne,4.0,21,33,3,2
163,BAC Howell,4.0,20,21,4,0
163,DR Mousley,1.0,5,5,0,0
163,J Little,3.6,19,15,2,1
163,J Overton,1.0,7,14,0,2
163,KW Richardson,4.0,21,33,0,1
163,PI Walter,3.0,15,16,1,0
163,RJ Gleeson,4.0,21,22,2,1
163,Shadab Khan,4.0,20,39,0,0
163,TG Helm,3.0,16,28,1,1
163,TW Hartley,4.0,20,13,3,0
163,Usama Mir,4.0,21,27,2,1
164,DJ Mitchell,0.2,1,0,1,0
164,DJ Worrall,2.0,11,10,1,1
164,JA Thompson,1.0,5,11,0,0
164,LA Dawson,1.0,5,3,1,0
164,MJJ Critchley,1.0,5,10,0,0
165,AU Rashid,4.0,20,20,0,0
165,CF Parkinson,4.0,20,29,2,0
165,D Wiese,2.0,10,21,0,0
165,DR Sams,4.0,22,38,0,2
165,Imad Wasim,4.0,20,12,0,0
165,JE Root,4.0,21,24,2,1
165,L Gregory,1.0,5,7,0,0
165,L Wood,4.0,21,23,3,1
165,MW Short,2.0,10,17,0,0
165,RJW Topley,4.0,20,20,2,0
165,SJ Cook,3.0,15,34,0,0
165,WD Parnell,4.0,20,21,3,0
166,AAP Atkinson,3.8,20,24,2,2
166,J Little,4.0,21,38,1,1
166,J Overton,4.0,20,21,2,0
166,NA Sowter,4.0,20,34,2,0
166,PI Walter,4.0,20,39,1,0
166,RJ Gleeson,4.0,22,38,1,3
166,SH Johnson,4.0,20,1,3,0
166,SM Curran,2.0,11,17,0,1
166,SP Narine,4.0,20,12,3,0
166,TW Hartley,2.0,11,24,0,1
166,Usama Mir,2.0,10,26,0,0
167,AF Milne,2.0,12,23,0,3
167,BAC Howell,4.0,21,16,2,1
167,BGF Green,2.0,10,13,0,0
167,DA Payne,3.0,15,11,2,0
167,DJ Willey,1.0,5,2,0,0
167,DR Mousley,1.0,5,12,0,0
167,Haris Rauf,4.0,20,20,2,0
167,KW Richardson,1.0,6,11,0,1
167,LS Livingstone,1.0,5,7,0,0
167,LWP Wells,3.0,17,21,0,3
167,MM Ali,4.0,20,15,1,0
167,RE van der Merwe,3.0,15,16,2,0
167,Shadab Khan,3.0,15,16,1,0
167,Shaheen Shah Afridi,4.0,20,26,1,0
167,TG Helm,1.0,5,10,0,0
168,AAP Atkinson,4.2,23,22,3,3
168,AU Rashid,4.0,20,38,1,0
168,BA Carse,3.0,15,36,0,0
168,CF Parkinson,3.0,15,19,1,0
168,D Wiese,2.0,10,20,0,0
168,NA Sowter,4.0,20,48,1,0
168,RJW Topley,4.0,20,41,1,0
168,SH Johnson,4.0,21,36,1,1
168,SM Curran,4.0,21,31,2,1
168,SP Narine,4.0,20,35,1,0
168,WD Parnell,4.0,20,29,2,0
169,CP Wood,4.0,25,47,0,7
169,DJ Mitchell,2.0,11,19,0,1
169,DJ Worrall,4.0,20,23,2,0
169,DR Sams,3.0,15,33,0,0
169,IS Sodhi,4.0,21,29,2,5
169,JE Root,3.0,15,31,0,0
169,L Gregory,3.0,15,19,0,0
169,L Wood,3.0,18,31,0,5
169,LA Dawson,4.0,20,38,2,0
169,MJJ Critchley,2.0,10,22,0,0
169,NT Ellis,4.0,21,43,1,1
169,SJ Cook,4.0,22,48,2,3
170,BGF Green,2.0,10,11,0,0
170,C Overton,4.0,21,19,2,1
170,DA Payne,2.0,10,10,1,0
170,DJ Willey,1.0,5,14,0,0
170,GD Phillips,1.8,9,16,0,0
170,GHS Garton,3.0,15,8,3,0
170,Haris Rauf,2.0,10,15,0,0
170,JK Fuller,2.0,10,6,0,0
170,MD Fisher,4.0,22,24,1,2
170,RE van der Merwe,1.0,6,12,0,5
170,Rehan Ahmed,3.0,15,15,0,0
170,Shaheen Shah Afridi,2.0,10,10,0,0
170,TS Mills,4.0,20,13,4,0
171,AU Rashid,3.0,15,27,1,0
171,BA Carse,4.0,21,36,1,1
171,BA Raine,2.0,10,29,0,0
171,CF Parkinson,3.0,15,34,1,0
171,D Wiese,1.0,6,11,0,1
171,J Little,4.0,21,33,2,1
171,JC Tongue,4.0,21,25,1,1
171,PI Walter,2.0,10,26,1,0
171,RJW Topley,4.0,21,29,3,1
171,TW Hartley,2.0,10,9,1,0
171,Usama Mir,4.0,20,19,4,0
171,WD Parnell,3.0,16,44,0,1
172,AF Milne,4.0,20,18,3,0
172,BAC Howell,4.0,21,16,1,2
172,CR Woakes,4.0,21,21,1,2
172,KW Richardson,3.8,22,32,4,3
172,LS Livingstone,1.0,5,8,1,0
172,MM Ali,3.0,15,23,0,0
172,NA Sowter,3.0,15,16,2,0
172,SH Johnson,4.0,23,32,0,3
172,SM Curran,4.0,20,37,1,0
172,SP Narine,4.0,20,32,0,0
172,WG Jacks,2.0,10,8,0,0
172,ZJ Chappell,3.0,16,33,5,1
173,DJ Willey,3.0,15,15,2,0
173,DR Sams,4.0,20,35,2,0
173,Haris Rauf,4.0,20,19,0,0
173,IS Sodhi,4.0,20,29,1,0
173,JA Turner,4.0,21,22,3,2
173,JT Ball,4.0,20,26,2,0
173,L Gregory,4.0,20,35,0,0
173,L Wood,3.0,16,15,0,2
173,LWP Wells,1.0,7,9,0,3
173,RE van der Merwe,4.0,21,44,2,5
173,SR Patel,1.0,5,9,0,0
173,Shaheen Shah Afridi,4.0,20,28,0,0
174,A Zampa,4.0,21,24,2,1
174,CP Wood,4.0,23,49,0,5
174,DJ Mitchell,2.0,10,16,2,0
174,DJ Worrall,4.2,22,21,0,1
174,DW Lawrence,1.0,5,5,0,0
174,LA Dawson,4.0,21,41,0,1
174,MJJ Critchley,1.0,5,13,0,0
174,NA Sowter,3.0,15,28,1,0
174,NT Ellis,4.0,20,36,2,0
174,SH Johnson,3.0,16,26,0,5
174,SM Curran,4.0,22,40,1,3
174,WG Jacks,3.0,18,22,2,4
174,ZJ Chappell,3.0,17,41,1,3
175,AF Milne,2.0,12,18,0,3
175,BAC Howell,2.0,10,15,0,0
175,C Overton,3.0,15,14,0,0
175,CJ Jordan,3.0,17,20,1,3
175,CN Ackermann,4.0,21,19,1,1
175,CR Woakes,3.0,15,20,0,0
175,DR Mousley,0.8,5,1,1,1
175,GHS Garton,2.0,10,22,0,0
175,KW Richardson,1.0,5,5,1,0
175,LS Livingstone,2.0,10,20,0,0
175,MM Ali,4.0,20,17,1,0
175,Rehan Ahmed,4.0,21,22,3,1
175,T Sangha,4.0,22,23,3,3
175,TS Mills,4.0,21,20,3,1
176,DR Sams,4.0,20,28,2,0
176,IS Sodhi,3.0,16,29,0,2
176,J Overton,3.0,15,15,0,0
176,JC Tongue,4.0,22,32,3,2
176,L Gregory,4.0,21,30,2,2
176,L Wood,4.0,21,31,1,1
176,PI Walter,4.0,21,24,2,1
176,SJ Cook,2.0,10,32,1,0
176,SR Patel,3.0,15,29,0,0
176,TW Hartley,1.0,6,10,0,5
176,Usama Mir,4.0,23,45,0,7
176,Zaman Khan,4.0,22,42,0,2
177,AU Rashid,4.0,20,18,2,0
177,D Wiese,3.0,15,20,0,0
177,DJ Worrall,3.0,17,29,0,2
177,JA Thompson,3.0,15,33,0,0
177,LA Dawson,4.0,20,19,2,0
177,MJ Potts,3.0,16,37,0,1
177,MJJ Critchley,2.0,10,14,0,0
177,MW Short,2.0,10,19,0,0
177,NT Ellis,4.0,20,28,1,0
177,RJW Topley,4.0,20,20,3,0
177,RS Bopara,4.0,20,21,4,0
177,WD Parnell,4.0,20,46,1,0
178,AF Milne,4.0,20,24,2,0
178,BAC Howell,4.0,20,30,1,0
178,CR Woakes,4.0,22,30,1,2
178,DR Sams,4.0,21,17,3,1
178,IS Sodhi,4.0,21,22,1,1
178,KW Richardson,4.0,20,37,1,0
178,L Gregory,1.0,5,7,0,0
178,L Wood,4.0,20,42,2,0
178,M Carter,4.0,20,15,2,0
178,MM Ali,2.0,10,17,1,0
178,SJ Cook,3.0,15,11,1,0
178,T Sangha,2.0,11,24,0,2
179,A Zampa,4.0,20,22,2,0
179,C Overton,4.0,20,30,1,0
179,CJ Jordan,4.0,20,20,3,0
179,CN Ackermann,1.0,5,4,0,0
179,GHS Garton,3.0,15,21,0,0
179,NA Sowter,4.0,20,25,0,0
179,Rehan Ahmed,4.0,20,14,2,0
179,SH Johnson,3.0,15,22,0,0
179,SM Curran,4.0,20,18,1,0
179,TK Curran,4.0,21,43,3,1
179,TS Mills,4.0,21,39,1,1
179,WG Jacks,1.0,5,1,1,0
180,AU Rashid,4.0,20,18,4,0
180,BA Carse,2.0,10,19,0,0
180,CF Parkinson,4.0,20,31,1,0
180,CG Harrison,4.0,20,11,5,0
180,D Wiese,2.0,10,19,0,0
180,J Overton,1.0,5,5,1,0
180,JC Tongue,3.2,17,20,2,1
180,MW Short,2.0,10,18,0,0
180,RJW Topley,4.0,23,29,1,3
180,TW Hartley,4.0,20,25,2,0
180,WD Parnell,2.0,10,24,0,0
180,Zaman Khan,3.0,15,18,0,0
181,DA Payne,4.0,20,17,3,0
181,DJ Mitchell,1.0,5,15,0,0
181,DJ Willey,4.0,20,18,2,0
181,DJ Worrall,4.0,20,24,3,0
181,JA Thompson,3.0,15,10,0,0
181,LA Dawson,4.0,20,20,1,0
181,LH Ferguson,4.0,21,25,2,2
181,MJ Henry,4.0,20,15,2,0
181,NT Ellis,3.6,18,18,0,0
181,RE van der Merwe,4.0,21,31,0,5
181,RS Bopara,3.0,15,22,0,0
182,A Zampa,4.0,20,20,2,0
182,AAP Atkinson,4.0,20,28,1,0
182,DR Sams,4.0,20,38,2,0
182,IS Sodhi,2.4,12,26,0,0
182,L Gregory,3.0,15,21,0,0
182,L Wood,3.0,15,20,1,0
182,M Carter,3.0,15,21,1,0
182,NA Sowter,2.0,10,18,1,0
182,SH Johnson,2.0,11,12,1,2
182,SJ Cook,3.0,15,22,1,0
182,SM Curran,3.0,15,25,0,0
182,TK Curran,4.0,21,31,2,2
182,WG Jacks,1.0,5,8,0,0
183,AU Rashid,4.0,20,27,1,0
183,BA Carse,2.0,10,13,1,0
183,CF Parkinson,3.0,18,28,0,4
183,D Wiese,2.0,10,21,0,0
183,DA Payne,4.0,21,53,1,1
183,DJ Willey,3.0,15,10,2,0
183,LH Ferguson,3.0,15,25,0,0
183,LWP Wells,3.0,15,31,1,0
183,MJ Henry,3.0,16,12,1,5
183,MJ Potts,4.0,23,37,0,4
183,RE van der Merwe,4.0,21,24,2,1
183,RJW Topley,3.0,15,32,0,0
184,AJ Turner,3.0,15,24,1,0
184,CG Harrison,3.0,15,13,0,0
184,CJ Jordan,4.0,21,28,2,1
184,CN Ackermann,2.0,10,7,1,0
184,GHS Garton,2.0,11,13,0,1
184,J Overton,2.0,10,14,0,0
184,JC Tongue,2.0,10,23,1,0
184,MJ Santner,4.0,20,20,0,0
184,PI Walter,2.0,10,9,0,0
184,Rehan Ahmed,4.0,20,26,2,0
184,TS Mills,4.0,23,27,3,3
184,TW Hartley,3.0,15,27,0,0
184,Zaman Khan,4.0,24,22,2,5
185,AF Milne,4.0,20,20,4,0
185,BAC Howell,1.0,5,8,0,0
185,DJ Mitchell,2.0,11,21,0,2
185,DW Lawrence,4.0,20,35,0,0
185,JA Thompson,4.0,22,39,1,2
185,KW Richardson,2.0,10,11,0,0
185,LA Dawson,3.0,15,31,1,0
185,LS Livingstone,4.0,20,30,2,0
185,MS Crane,3.0,18,36,0,11
185,T Sangha,4.0,21,15,3,1
185,TG Helm,2.8,15,24,1,5
185,TG Southee,4.0,20,23,3,0
186,C Overton,3.0,15,47,0,0
186,CG Harrison,2.0,12,33,0,3
186,CJ Jordan,3.2,16,43,1,0
186,GHS Garton,2.0,10,27,0,0
186,J Little,4.0,22,37,0,3
186,J Overton,4.0,20,31,0,0
186,MJ Santner,3.0,16,17,1,1
186,PI Walter,3.0,15,27,1,0
186,RJ Gleeson,4.0,23,28,0,7
186,Rehan Ahmed,4.0,20,31,0,0
186,TS Mills,4.0,22,27,1,2
186,Zaman Khan,3.0,16,34,0,1
187,AAP Atkinson,4.0,21,47,0,5
187,DR Briggs,1.0,5,2,1,0
187,J Little,4.0,20,21,1,0
187,J Overton,2.0,12,14,0,2
187,NA Sowter,4.0,21,24,1,1
187,PI Walter,3.0,16,20,1,1
187,RJ Gleeson,4.0,20,37,2,0
187,SM Curran,4.0,22,31,1,2
187,TK Curran,4.0,22,25,1,2
187,TW Hartley,4.0,20,35,1,0
187,WG Jacks,3.0,16,11,2,1
187,Zaman Khan,3.0,16,31,0,2
