player_name,competition,current_team,oversees,value,role,bowler_type,games_played,runs_scored,innings,times_out,balls_faced,fours,sixes,high_score,sets,balls_bowled,runs_conceded,outs,extras,catches,POMs
JJ Roy,mens,Oval Invincibles,FALSE,A,Batter,,22,391,22,20,296,42,13,59,,,,,,9,1
SM Curran,mens,Oval Invincibles,FALSE,ccp,Allrounder,Left-arm Fast,18,318,18,17,246,20,16,60,68.2,341,527,19,26,11,2
SP Narine,mens,Free Agent,TRUE,S,Allrounder,Right-arm Off-spin,18,145,14,14,107,8,11,23,69,345,397,25,10,2,1
WG Jacks,mens,Oval Invincibles,FALSE,B,Batter,,23,634,23,22,382,62,34,108,15,75,88,7,6,9,3
SW Billings,mens,Oval Invincibles,FALSE,B,Wicket Keeper,,23,359,23,17,255,30,14,76,,,,,,10,3
CA Ingram,mens,Free Agent,TRUE,A,Batter,,7,120,7,6,92,9,5,81,,,,,,4,0
LJ Evans,mens,Manchester Originals,FALSE,B,Batter,,27,409,26,20,260,32,21,72,,,,,,9,2
TK Curran,mens,Oval Invincibles,FALSE,S,Allrounder,Right-arm Fast-Medium,20,373,16,11,211,30,23,67,76.4,382,558,25,29,8,3
NA Sowter,mens,Oval Invincibles,FALSE,C,Bowler,Right-arm Leg-spin,13,21,4,11,12,3,0,7,40,200,297,13,7,7,0
S Mahmood,mens,Free Agent,FALSE,B,Bowler,Right-arm Fast-Medium,7,9,3,5,12,0,0,7,24,120,173,5,4,3,0
RJW Topley,mens,Northern Superchargers,FALSE,A,Bowler,Left-arm Fast,19,23,2,17,11,5,0,12,65.8,329,499,24,20,2,0
PD Salt,mens,Manchester Originals,FALSE,S,Batter,,27,707,27,26,436,74,32,86,,,,,,12,2
JC Buttler,mens,Manchester Originals,FALSE,ccp,Wicket Keeper,,17,632,17,16,446,52,25,82,,,,,,15,1
JM Clarke,mens,Welsh Fire,FALSE,C,Batter,,23,412,23,21,326,39,15,69,,,,,,15,1
C Munro,mens,Trent Rockets,FALSE,B,Allrounder,Right-arm Medium,23,592,22,17,382,50,28,67,,,,,,5,2
TA Lammonby,mens,Manchester Originals,FALSE,A,Batter,,11,120,8,8,90,13,3,27,1,5,8,1,0,5,0
CR Brathwaite,mens,Free Agent,TRUE,B,Allrounder,Right-arm Fast-Medium,7,94,6,5,67,4,7,37,18.2,91,149,3,6,5,0
CG Harrison,mens,Free Agent,FALSE,B,Batter,,9,38,4,9,34,5,0,23,19,95,127,7,5,7,1
TW Hartley,mens,Manchester Originals,FALSE,C,Bowler,Left-arm Orthodox Spin,26,98,12,20,86,5,3,17,71,355,486,26,19,13,1
FJ Klaassen,mens,Free Agent,TRUE,B,Bowler,Right-arm Fast-Medium,8,11,4,6,13,1,0,6,22.8,114,188,7,6,3,0
ST Finn,mens,Free Agent,FALSE,C,Bowler,Right-arm Fast,5,11,1,4,7,2,0,11,11,55,115,6,6,2,0
MW Parkinson,mens,Free Agent,FALSE,C,Bowler,Right-arm Leg-spin,16,11,4,15,13,0,1,6,53.4,267,350,21,7,3,1
Z Crawley,mens,London Spirit,FALSE,S,Batter,,13,260,11,13,212,32,7,64,,,,,,6,1
JP Inglis,mens,Free Agent,TRUE,B,Wicket Keeper,,8,176,8,8,135,18,5,72,,,,,,4,0
DW Lawrence,mens,London Spirit,FALSE,A,Batter,,16,286,14,16,200,21,13,93,16.8,84,116,6,0,5,2
EJG Morgan,mens,Free Agent,FALSE,B,Batter,,16,281,16,14,208,15,17,47,,,,,,4,0
JL Denly,mens,Free Agent,FALSE,B,Batter,,5,66,5,5,68,4,2,35,2,10,12,0,1,2,0
RS Bopara,mens,London Spirit,FALSE,B,Allrounder,Right-arm Fast-Medium,17,232,15,14,168,18,10,45,13,65,85,7,2,7,1
Mohammad Nabi,mens,Free Agent,TRUE,B,Allrounder,Right-arm Off-spin,5,33,5,4,32,2,1,10,19,95,107,6,0,2,0
RE van der Merwe,mens,Welsh Fire,FALSE,B,Allrounder,Left-arm Orthodox Spin,20,133,12,10,99,12,3,30,49,245,416,14,18,8,0
BC Cullen,mens,Free Agent,FALSE,C,Wicket Keeper,,7,18,4,5,15,1,1,15,24,120,210,11,11,1,0
CP Wood,mens,London Spirit,FALSE,C,Bowler,Right-arm Fast-Medium,11,6,3,10,5,1,0,5,41,205,335,8,23,3,0
Mohammad Amir,mens,Free Agent,TRUE,A,Bowler,Left-arm Fast,4,18,3,3,21,1,0,16,15.4,77,132,3,12,0,0
FH Allen,mens,Southern Brave,TRUE,B,Bowler,Left-arm Fast-Medium,17,405,17,17,276,45,16,69,,,,,,7,0
Miles Hammond,mens,Birmingham Phoenix,FALSE,C,Batter,,16,232,14,12,172,26,6,44,,,,,,3,0
LS Livingstone,mens,Birmingham Phoenix,FALSE,A,Allrounder,Right-arm Off-spin,21,621,21,17,410,32,46,92,30.6,153,241,9,4,4,2
MM Ali,mens,Birmingham Phoenix,FALSE,S,Allrounder,Right-arm Off-spin,21,485,21,21,330,26,35,59,44,220,310,12,2,9,1
DJ Bell-Drummond,mens,London Spirit,FALSE,C,Batter,,8,152,8,8,118,14,4,46,,,,,,2,1
CG Benjamin,mens,Birmingham Phoenix,FALSE,C,Allrounder,Right-arm Fast-Medium,21,208,18,15,171,18,8,37,,,,,,9,1
BAC Howell,mens,Birmingham Phoenix,FALSE,C,Allrounder,Right-arm Fast-Medium,24,183,18,17,138,12,6,23,84,420,519,28,10,7,0
CB Cooke,mens,Free Agent,FALSE,B,Batter,,4,20,3,4,21,1,0,11,,,,,,1,0
AF Milne,mens,Birmingham Phoenix,TRUE,B,Bowler,Right-arm Fast,15,32,7,10,30,2,1,13,47,235,265,26,23,6,1
TG Helm,mens,Birmingham Phoenix,FALSE,C,Bowler,Right-arm Fast-Medium,19,53,7,17,53,3,2,17,52,260,429,22,25,5,0
Imran Tahir,mens,Free Agent,TRUE,A,Bowler,Right-arm Leg-spin,15,6,2,14,2,0,1,6,51.8,259,391,12,9,6,1
JM Vince,mens,Southern Brave,FALSE,S,Batter,,26,556,24,23,401,56,18,71,,,,,,13,2
DP Conway,mens,Southern Brave,TRUE,S,Batter,,13,312,13,10,263,32,4,54,,,,,,6,1
AL Davies,mens,Southern Brave,FALSE,D,Wicket Keeper,,18,357,16,15,282,32,6,51,,,,,,12,2
DMW Rawlins,mens,Free Agent,TRUE,D,Allrounder,Left-arm Orthodox Spin,1,7,1,1,7,1,0,7,,,,,,0,0
C de Grandhomme,mens,Free Agent,TRUE,B,Allrounder,Right-arm Fast-Medium,8,56,6,6,46,3,2,40,8,40,92,0,8,2,0
RA Whiteley,mens,Oval Invincibles,FALSE,D,Allrounder,Left-arm Fast-Medium,24,321,18,20,234,28,13,52,,,,,,11,0
LA Dawson,mens,London Spirit,FALSE,B,Allrounder,Right-arm Fast-Medium,21,72,13,15,60,5,2,24,63.8,319,428,17,5,5,0
CJ Jordan,mens,Southern Brave,FALSE,A,Bowler,Right-arm Fast,19,183,10,14,104,11,13,70,65.2,326,488,26,21,4,2
GHS Garton,mens,Southern Brave,FALSE,C,Bowler,Left-arm Fast-Medium,21,99,11,19,79,10,4,28,64,320,496,19,29,3,3
DR Briggs,mens,Oval Invincibles,FALSE,B,Bowler,Left-arm Slow Orthodox,11,40,5,7,24,5,1,29,28,140,202,10,0,1,0
TS Mills,mens,Southern Brave,FALSE,B,Bowler,Left-arm Fast,20,0,2,20,3,0,0,0,73.4,367,451,26,20,3,1
DJM Short,mens,Free Agent,TRUE,B,Allrounder,Right-arm Off-spin,9,156,9,6,129,20,2,69,4,20,39,0,2,3,1
AD Hales,mens,Trent Rockets,FALSE,S,Batter,,25,532,25,24,376,62,18,59,,,,,,12,2
DJ Malan,mens,Trent Rockets,FALSE,A,Batter,,22,619,21,20,434,58,24,98,,,,,,4,4
JE Root,mens,Trent Rockets,FALSE,ccp,Batter,,10,176,8,8,119,17,5,72,14,70,94,3,4,8,0
TJ Moores,mens,Trent Rockets,FALSE,D,Wicket Keeper,,14,79,8,12,65,1,5,19,,,,,,7,0
L Gregory,mens,Trent Rockets,FALSE,C,Allrounder,Right-arm Fast-Medium,25,279,20,13,189,21,10,35,41.2,206,313,9,12,7,0
SJ Mullaney,mens,Free Agent,FALSE,C,Allrounder,Right-arm Fast-Medium,6,92,5,6,64,8,4,49,5,25,31,2,0,3,0
SR Patel,mens,Trent Rockets,FALSE,B,Allrounder,Right-arm Off-spin,20,238,12,18,168,13,15,46,58.8,294,401,21,14,3,1
Rashid Khan,mens,Free Agent,TRUE,S,Bowler,Right-arm Leg-spin,11,46,5,11,35,4,3,25,42,210,295,15,10,6,1
L Wood,mens,Trent Rockets,FALSE,C,Bowler,Right-arm Fast-Medium,21,19,5,17,18,1,0,10,68.8,344,512,21,41,6,0
M de Lange,mens,Free Agent,TRUE,B,Bowler,Right-arm Fast,7,14,2,6,9,1,1,7,23.8,119,162,15,9,2,1
JM Bairstow,mens,Welsh Fire,FALSE,ccp,Batter,,6,215,6,6,165,14,11,72,,,,,,1,1
T Banton,mens,Northern Superchargers,FALSE,C,Batter,,22,324,21,22,263,28,14,81,,,,,,6,0
BM Duckett,mens,Birmingham Phoenix,FALSE,A,Batter,,23,622,23,21,454,73,9,65,,,,,,9,0
GD Phillips,mens,Welsh Fire,TRUE,S,Batter,,16,312,15,13,224,23,16,80,5.8,29,56,0,0,9,1
JDS Neesham,mens,Oval Invincibles,TRUE,A,Allrounder,Right-arm Fast-Medium,9,108,9,6,71,11,3,57,16,80,121,7,1,2,0
IA Cockbain,mens,Free Agent,FALSE,D,Batter,,7,113,7,4,89,12,3,32,,,,0,0,4,0
MJJ Critchley,mens,London Spirit,FALSE,C,Allrounder,Right-arm Leg-spin,18,218,13,13,158,15,10,55,43,215,348,10,9,3,0
LE Plunkett,mens,Free Agent,FALSE,C,Bowler,Right-arm Fast-Medium,1,0,0,1,0,0,0,,3,15,49,0,4,0,0
Qais Ahmad,mens,Free Agent,TRUE,C,Bowler,Right-arm Leg-spin,8,15,3,7,12,3,0,13,31,155,189,8,2,0,1
JT Ball,mens,Welsh Fire,FALSE,C,Bowler,Right-arm Fast-Medium,12,1,1,11,6,0,0,1,45.2,226,331,14,15,3,0
DA Payne,mens,Welsh Fire,FALSE,C,Bowler,Right-arm Fast-Medium,22,10,5,21,11,0,1,8,76.2,381,615,20,17,2,0
A Lyth,mens,Northern Superchargers,FALSE,C,Batter,,17,368,16,17,233,29,23,79,4,20,23,2,0,4,2
CA Lynn,mens,Free Agent,TRUE,A,Batter,,7,150,7,7,127,14,5,48,,,,,,0,0
BA Stokes,mens,Northern Superchargers,FALSE,ccp,Allrounder,Right-arm Fast-Medium,2,10,2,2,14,1,0,5,6.2,31,33,3,6,0,0
HC Brook,mens,Northern Superchargers,FALSE,S,Batter,,19,512,18,14,305,43,25,105,,,,,,13,2
DJ Willey,mens,Welsh Fire,FALSE,A,Allrounder,Right-arm Fast-Medium,21,300,19,16,238,18,14,81,60.8,304,435,19,7,9,1
T Kohler-Cadmore,mens,Trent Rockets,FALSE,D,Batter,,20,390,20,20,311,28,16,71,,,,,,8,0
JA Simpson,mens,Free Agent,FALSE,B,Wicket Keeper,,11,183,10,9,129,21,4,71,,,,,,11,1
BA Carse,mens,Northern Superchargers,FALSE,C,Allrounder,Right-arm Fast-Medium,13,83,9,9,67,7,2,33,27,135,251,5,8,6,0
MJ Potts,mens,Northern Superchargers,FALSE,B,Bowler,Right-arm Fast-Medium,9,29,3,6,18,3,1,20,28,140,238,3,10,5,0
AU Rashid,mens,Northern Superchargers,FALSE,S,Bowler,Right-arm Leg-spin,23,38,7,22,40,4,1,13,88.4,442,558,31,10,6,0
Mujeeb Ur Rahman,mens,Free Agent,TRUE,B,Bowler,Right-arm Off-spin,7,0,1,7,2,0,0,0,26,130,157,7,2,2,0
CF Parkinson,mens,Northern Superchargers,FALSE,D,Bowler,Right-arm Leg-spin,9,4,4,6,7,0,0,2,32,160,240,10,8,3,0
M Carter,mens,Trent Rockets,FALSE,D,Bowler,Left-arm Fast-Medium,13,37,8,10,28,2,2,14,42,210,299,12,4,5,1
JJ Cobb,mens,Free Agent,FALSE,D,Batter,,12,87,10,11,77,6,4,28,11,55,76,2,0,6,0
Q de Kock,mens,Free Agent,TRUE,S,Wicket Keeper,,16,317,15,14,223,36,10,72,,,,,,14,2
C Overton,mens,Southern Brave,FALSE,A,Allrounder,Right-arm Fast-Medium,12,11,3,10,13,0,0,6,41,205,301,12,7,7,0
JB Lintott,mens,Free Agent,FALSE,C,Bowler,Left-arm Slow Orthodox,17,21,3,14,21,1,0,10,62,310,434,20,11,2,0
T van der Gugten,mens,Free Agent,TRUE,D,Bowler,Right-arm Fast-Medium,4,1,1,3,1,0,0,1,5,25,65,1,3,0,0
AM Rossington,mens,London Spirit,FALSE,D,Wicket Keeper,,22,460,20,22,273,43,25,66,,,,,,15,1
MS Crane,mens,London Spirit,FALSE,C,Bowler,Right-arm Leg-spin,16,5,3,14,7,0,0,3,53.6,268,397,18,16,8,0
JL du Plooy,mens,Southern Brave,FALSE,D,Batter,,19,349,17,17,260,22,11,43,1,5,17,0,2,8,0
RF Higgins,mens,Welsh Fire,FALSE,D,Allrounder,Right-arm Medium,5,29,5,2,34,1,0,11,12,60,73,6,2,2,0
CN Ackermann,mens,Southern Brave,TRUE,C,Allrounder,Right-arm Medium-Fast,10,123,8,8,109,10,3,53,16,80,91,4,6,3,0
LH Ferguson,mens,Free Agent,TRUE,A,Bowler,Right-arm Fast-Medium,7,27,3,6,20,0,3,13,23,115,163,6,6,0,0
J Clark,mens,Free Agent,FALSE,D,Bowler,Right-arm Fast-Medium,3,0,1,3,1,0,0,0,1,5,6,0,0,1,0
T Shamsi,mens,Free Agent,TRUE,B,Bowler,Left-arm Orthodox Spin,12,0,0,12,0,0,0,0,44,220,310,13,9,0,0
DJ Vilas,mens,Free Agent,TRUE,B,Wicket Keeper,,5,95,5,3,75,8,1,36,,,,,,3,0
JA Thompson,mens,London Spirit,FALSE,D,Allrounder,Right-arm Fast-Medium,18,90,13,17,75,4,6,27,50.2,251,397,18,12,4,1
WCF Smeed,mens,Birmingham Phoenix,FALSE,B,Batter,,21,428,21,19,268,42,22,101,,,,,,12,2
PR Brown,mens,Free Agent,FALSE,D,Bowler,Right-arm Fast-Medium,7,0,0,7,0,0,0,0,18,90,179,6,2,0,0
ME Milnes,mens,Free Agent,FALSE,B,Bowler,Right-arm Fast-Medium,10,5,4,9,6,1,0,4,31.8,159,277,8,5,5,0
BA Raine,mens,Manchester Originals,FALSE,C,Allrounder,Right-arm Fast-Medium,9,35,5,6,28,5,0,18,24.6,123,222,10,13,2,0
LM Reece,mens,Free Agent,FALSE,C,Allrounder,Right-arm Fast-Medium,2,24,2,2,25,1,2,24,1,5,11,0,0,0,0
SR Hain,mens,Trent Rockets,FALSE,C,Batter,,10,181,9,8,133,17,4,63,,,,,,3,1
PR Stirling,mens,Free Agent,FALSE,C,Allrounder,Right-arm Off-spin,10,216,9,9,136,22,12,74,12.6,63,68,2,1,2,1
GG White,mens,Free Agent,FALSE,C,Bowler,Right-arm Fast-Medium,3,17,2,2,12,1,1,14,9,45,89,0,6,1,0
LJ Fletcher,mens,Free Agent,FALSE,D,Bowler,Right-arm Fast-Medium,6,6,2,5,5,1,0,4,18,90,141,4,6,1,0
Wahab Riaz,mens,Free Agent,TRUE,A,Bowler,Left-arm Fast,2,0,0,2,0,0,0,0,6,30,45,5,0,1,0
AJ Blake,mens,Free Agent,FALSE,D,Batter,,3,54,3,2,39,2,4,44,,,,,,2,0
SJ Cook,mens,Trent Rockets,FALSE,C,Bowler,Right-arm Medium-Fast,16,1,1,15,1,0,0,1,55.2,276,420,21,12,6,1
JB Cracknell,mens,Free Agent,FALSE,C,Batter,,3,55,3,3,41,5,2,35,,,,,,2,0
BTJ Wheal,mens,Trent Rockets,FALSE,D,Bowler,Right-arm Fast-Medium,6,0,0,6,0,0,0,0,20.6,103,145,11,3,1,1
DL Lloyd,mens,Free Agent,FALSE,D,Allrounder,Right-arm Medium-Fast,2,6,2,2,7,0,1,6,,,,,,0,0
DY Pennington,mens,Free Agent,FALSE,D,Bowler,Right-arm Fast-Medium,3,0,0,3,0,0,0,0,8,40,71,2,0,4,0
D Wiese,mens,Northern Superchargers,TRUE,B,Allrounder,Right-arm Medium-Fast,17,233,16,14,141,10,18,54,45,225,405,7,13,8,2
DA Douthwaite,mens,Welsh Fire,FALSE,D,Allrounder,Right-arm Medium,1,4,1,1,10,0,0,4,,,,,,0,0
MD Fisher,mens,Free Agent,FALSE,C,Bowler,Right-arm Fast-Medium,3,0,1,3,1,0,0,0,6.8,34,50,1,2,0,0
TB Abell,mens,Welsh Fire,FALSE,A,Allrounder,Right-arm Medium-Fast,9,112,7,6,93,9,3,37,,,,,,4,1
JW Dernbach,mens,Free Agent,FALSE,D,Bowler,Right-arm Fast-Medium,1,0,0,1,0,0,0,0,3,15,23,0,0,0,0
TH David,mens,Free Agent,TRUE,A,Allrounder,Right-arm Fast-Medium,17,196,14,13,115,15,13,44,3,15,32,0,0,5,0
DG Bedingham,mens,Free Agent,TRUE,C,Batter,,1,0,1,1,2,0,0,0,,,,,,1,0
L Lee,womens,Trent Rockets,TRUE,A,Batter,,20,549,20,17,420,76,14,68,,,,,,8,2
EL Lamb,womens,Manchester Originals,FALSE,B,Batter,,19,330,19,19,285,42,4,57,37,185,262,5,3,3,0
GEB Boyce,womens,Northern Superchargers,FALSE,D,Batter,,5,37,3,5,45,4,0,21,,,,,,1,0
H Kaur,womens,Trent Rockets,TRUE,A,Batter,,10,176,9,8,171,16,1,49,3,15,30,0,0,3,0
M du Preez,womens,Free Agent,TRUE,A,Batter,,14,185,14,10,173,17,4,32,,,,,,0,0
S Ecclestone,womens,Manchester Originals,FALSE,S,Bowler,Left-arm Orthodox Spin,18,192,15,13,139,18,8,36,68.8,344,372,26,11,4,1
KL Cross,womens,Northern Superchargers,FALSE,S,Batter,,23,47,10,19,45,4,1,15,88.6,443,555,30,33,7,1
CL Griffith,womens,Oval Invincibles,FALSE,B,Allrounder,Right-arm Medium-Fast,17,98,13,12,75,8,3,30,,,,,,3,0
E Threlkeld,womens,Manchester Originals,FALSE,B,Wicket Keeper,,19,77,8,15,79,6,0,17,,,,,,8,0
L Jackson,womens,Manchester Originals,FALSE,D,Allrounder,Right-arm Medium,3,2,1,2,2,0,0,2,9,45,72,4,7,1,0
A Hartley,womens,Welsh Fire,FALSE,A,Bowler,Left-arm Orthodox Spin,17,3,2,15,5,0,0,2,63,315,400,15,14,3,0
GL Adams,womens,Southern Brave,FALSE,B,Allrounder,Right-arm Medium-Fast,26,369,22,23,313,34,10,50,65,325,360,26,2,9,4
A Capsey,womens,Oval Invincibles,FALSE,B,Allrounder,Right-arm Medium,22,380,21,19,290,52,7,59,54,270,286,21,5,13,2
GJ Gibbs,womens,Free Agent,FALSE,C,Allrounder,Right-arm Medium,9,46,5,7,40,6,0,21,8,40,61,2,8,6,0
FC Wilson,womens,Trent Rockets,FALSE,B,Batter,,22,201,21,21,218,22,0,25,,,,,,2,0
D van Niekerk,womens,Oval Invincibles,TRUE,S,Allrounder,Right-arm Leg-spin,14,324,12,10,295,41,3,67,33,165,184,9,0,8,1
M Kapp,womens,Oval Invincibles,TRUE,A,Allrounder,Right-arm Medium-Fast,16,423,16,10,332,48,9,64,59.6,298,292,32,23,6,3
MK Villiers,womens,Oval Invincibles,FALSE,A,Allrounder,Right-arm Medium,23,112,16,18,102,8,2,22,55,275,357,14,7,6,1
SJ Bryce,womens,Welsh Fire,FALSE,C,Allrounder,Right-arm Medium-Fast,23,269,14,17,239,24,4,44,,,,,,11,0
NE Farrant,womens,Free Agent,FALSE,C,Bowler,Left-arm Medium-Fast,9,7,3,8,8,0,0,4,35.8,179,185,21,6,3,2
S Ismail,womens,Welsh Fire,TRUE,S,Bowler,Left-arm Fast-Medium,21,13,2,20,16,2,0,8,79.2,396,433,21,26,4,2
D Gregory,womens,Southern Brave,FALSE,D,Allrounder,Right-arm Medium-Fast,5,1,1,4,1,0,0,1,10,50,73,3,1,1,0
KM Mack,womens,Free Agent,FALSE,D,Bowler,Right-arm Medium,9,100,8,9,99,9,0,31,,,,,,3,0
Shafali Verma,womens,Free Agent,TRUE,A,Batter,,8,171,8,7,120,24,2,76,,,,,,2,1
E Jones,womens,Birmingham Phoenix,FALSE,B,Wicket Keeper,,22,415,21,21,393,52,4,64,1,5,7,1,0,4,2
EL Arlott,womens,Birmingham Phoenix,FALSE,S,Bowler,Right-arm Medium,21,119,14,16,108,7,3,22,62.8,314,371,24,23,3,0
AE Jones,womens,Birmingham Phoenix,FALSE,B,Batter,,22,462,21,18,339,61,3,48,,,,,,4,1
EA Burns,womens,Birmingham Phoenix,FALSE,C,Batter,,18,267,17,17,225,36,1,45,52,260,316,11,13,5,1
GA Elwiss,womens,Welsh Fire,FALSE,A,Allrounder,Right-arm Medium,22,185,15,18,170,17,0,33,57.2,286,381,18,8,5,0
IECM Wong,womens,Birmingham Phoenix,FALSE,A,Batter,,19,133,16,17,113,6,6,27,48.4,242,351,9,36,2,0
GM Davies,womens,Free Agent,FALSE,B,Batter,,13,56,7,12,55,8,0,20,,,,,,4,0
KL Gordon,womens,Trent Rockets,FALSE,C,Allrounder,Right-arm Fast-Medium,22,29,7,17,24,2,0,11,79,395,475,32,14,6,1
AH Maqsood,womens,Birmingham Phoenix,FALSE,C,Bowler,Right-arm Medium,15,5,5,11,9,0,0,2,40,200,263,8,4,0,0
ND Dattani,womens,Trent Rockets,FALSE,B,Batter,,20,183,18,16,200,16,2,38,21,105,194,5,10,0,1
DJS Dottin,womens,Manchester Originals,TRUE,S,Allrounder,Right-arm Medium-Fast,18,405,18,15,308,46,16,68,21.8,109,155,8,12,3,2
HC Knight,womens,London Spirit,FALSE,S,Allrounder,Right-arm Medium-Fast,13,326,13,12,262,44,2,44,18,90,99,5,1,3,0
DB Sharma,womens,Free Agent,TRUE,A,Batter,,8,77,5,7,68,6,0,34,31,155,137,10,8,1,1
CL Tryon,womens,Southern Brave,TRUE,A,Allrounder,Right-arm Medium,16,112,14,12,111,9,1,23,39,195,242,6,4,4,0
SE Rowe,womens,Free Agent,FALSE,D,Batter,,3,0,2,3,3,0,0,0,,,,,,0,0
CE Dean,womens,London Spirit,FALSE,S,Allrounder,Right-arm Medium,20,99,12,17,91,13,0,18,67,335,407,12,6,6,0
AD Carr,womens,Manchester Originals,FALSE,C,Allrounder,Right-arm Medium,7,19,3,5,22,2,0,11,,,,,,0,0
DR Gibson,womens,London Spirit,FALSE,A,Allrounder,Right-arm Medium,20,300,20,15,197,45,6,36,46.6,233,329,13,21,10,1
FR Davies,womens,Welsh Fire,FALSE,D,Bowler,Right-arm Medium-Fast,21,22,7,20,37,1,0,8,70.2,351,462,22,20,3,0
AZ Monaghan,womens,London Spirit,FALSE,C,Bowler,Right-arm Medium-Fast,14,11,5,14,15,1,0,4,,,,,,6,0
DN Wyatt,womens,Southern Brave,FALSE,S,Batter,,26,680,26,24,500,97,12,69,4,20,34,3,2,13,5
S Mandhana,womens,Southern Brave,TRUE,A,Batter,,24,616,24,21,442,85,14,78,,,,,,15,3
SIR Dunkley,womens,Welsh Fire,FALSE,C,Batter,,24,699,23,20,524,82,11,68,13,65,87,5,1,9,4
SR Taylor,womens,Free Agent,TRUE,B,Batter,,9,182,9,4,179,15,1,45,23,115,152,3,8,1,1
ME Bouchier,womens,Southern Brave,FALSE,B,Batter,,26,448,23,18,343,49,8,63,,,,,,16,1
A Wellington,womens,Manchester Originals,TRUE,A,Allrounder,Right-arm Medium,23,99,10,20,80,12,1,33,89,445,494,36,8,6,2
A Shrubsole,womens,Southern Brave,FALSE,S,Allrounder,Right-arm Medium-Fast,26,55,7,22,48,5,2,40,91.8,459,515,31,29,2,0
FMK Morris,womens,Manchester Originals,FALSE,C,Bowler,Right-arm Medium-Fast,17,92,9,16,91,11,0,50,44.2,221,246,14,5,2,1
CE Rudd,womens,Free Agent,FALSE,C,Allrounder,Right-arm Medium-Fast,17,12,3,14,11,0,0,7,,,,,,4,0
TG Norris,womens,London Spirit,FALSE,C,Bowler,Right-arm Medium,12,22,2,11,27,2,0,11,21.6,108,156,5,11,3,1
LK Bell,womens,Southern Brave,FALSE,C,Batter,,24,10,3,24,13,2,0,5,91.8,459,555,38,52,2,1
RH Priest,womens,Free Agent,TRUE,C,Batter,,7,138,7,7,101,20,5,76,,,,,,1,1
SJ Johnson,womens,Free Agent,FALSE,D,Bowler,Right-arm Medium-Fast,7,120,7,7,105,10,7,33,26.8,134,155,16,5,5,0
NR Sciver,womens,Trent Rockets,FALSE,S,Allrounder,Right-arm Medium-Fast,20,664,20,15,482,83,12,81,36,180,286,9,21,7,2
KH Brunt,womens,Trent Rockets,FALSE,B,Allrounder,Right-arm Medium-Fast,18,176,14,15,188,15,1,43,63.4,317,359,11,19,7,0
H Graham,womens,Free Agent,FALSE,C,Allrounder,Right-arm Medium-Fast,10,164,10,7,127,17,2,44,29,145,179,12,13,6,1
AJ Freeborn,womens,Birmingham Phoenix,FALSE,C,Bowler,Right-arm Fast-Medium,21,152,15,16,145,18,0,45,,,,,,4,0
S Glenn,womens,London Spirit,FALSE,B,Allrounder,Right-arm Medium-Fast,20,75,13,17,67,5,2,23,70,350,430,22,9,9,0
KE Bryce,womens,Manchester Originals,FALSE,C,Bowler,Right-arm Fast-Medium,19,64,10,13,61,7,0,32,40,200,264,12,10,4,1
LF Higham,womens,Northern Superchargers,FALSE,C,Bowler,Right-arm Medium-Fast,19,15,2,18,8,2,0,12,36.4,182,239,15,2,4,1
ML Kirk,womens,Free Agent,FALSE,D,Allrounder,Right-arm Medium-Fast,3,0,0,3,0,0,0,0,,,,,,1,0
T Graves,womens,Free Agent,FALSE,D,Allrounder,Right-arm Medium-Fast,2,4,1,2,7,0,0,4,,,,,,0,0
BF Smith,womens,Trent Rockets,FALSE,C,Allrounder,Right-arm Medium-Fast,22,481,21,22,366,64,14,70,75.8,379,538,19,13,3,3
HK Matthews,womens,Welsh Fire,TRUE,B,Allrounder,Right-arm Medium-Fast,17,464,17,16,366,70,3,71,44.8,224,321,17,2,2,2
AJ Macleod,womens,Free Agent,FALSE,D,Allrounder,Right-arm Medium-Fast,5,33,5,3,33,2,0,19,1,5,10,0,0,0,0
G Redmayne,womens,Free Agent,FALSE,B,Wicket Keeper,,8,187,8,6,174,21,0,38,,,,,,2,0
SJ Taylor,womens,Free Agent,FALSE,C,Wicket Keeper,,7,78,6,7,68,8,0,29,,,,,,1,1
SN Luff,womens,London Spirit,FALSE,D,Batter,,15,153,14,12,142,13,3,39,,,,,,3,0
GM Hennessy,womens,Free Agent,FALSE,C,Allrounder,Right-arm Medium-Fast,8,58,6,6,75,3,0,23,22,110,155,2,5,3,0
P Cleary,womens,Free Agent,TRUE,B,Bowler,Right-arm Medium-Fast,8,18,6,7,22,1,0,8,26,130,175,7,10,3,0
A Griffiths,womens,Welsh Fire,FALSE,B,Allrounder,Right-arm Medium-Fast,15,23,5,14,29,1,0,8,29,145,201,7,6,1,0
KL George,womens,Manchester Originals,FALSE,B,Allrounder,Right-arm Medium-Fast,20,56,14,15,67,7,0,14,12,60,133,1,11,8,0
N Harvey,womens,Free Agent,FALSE,B,Allrounder,Right-arm Medium-Fast,8,3,3,7,7,0,0,3,19,95,112,4,2,2,0
L Winfield,womens,Oval Invincibles,FALSE,B,Batter,,21,447,21,18,370,60,5,74,,,,,,4,1
JI Rodrigues,womens,Northern Superchargers,TRUE,A,Batter,,19,453,18,18,329,71,1,92,2,10,18,0,0,3,2
L Wolvaardt,womens,Manchester Originals,TRUE,A,Batter,,19,614,19,15,512,72,5,90,,,,,,9,2
HJ Armitage,womens,Northern Superchargers,FALSE,C,Batter,,19,297,18,17,274,29,0,46,6.6,33,64,2,7,3,0
BAM Heath,womens,Northern Superchargers,FALSE,B,Allrounder,Right-arm Medium,22,191,20,20,140,26,5,57,,,,,,8,1
AN Davidson-Richards,womens,Northern Superchargers,FALSE,B,Bowler,Right-arm Fast-Medium,23,192,18,15,185,14,2,42,73.6,368,546,26,20,7,3
L Harris,womens,Welsh Fire,TRUE,B,Allrounder,Right-arm Medium-Fast,14,152,12,12,82,21,7,37,,,,,0,5,0
LCN Smith,womens,Northern Superchargers,FALSE,B,Allrounder,Right-arm Medium-Fast,20,50,9,14,45,4,0,17,74.2,371,419,23,8,5,0
EA Russell,womens,Free Agent,TRUE,B,Allrounder,Right-arm Medium-Fast,8,1,1,7,1,0,0,1,21,105,139,2,5,4,0
PC Graham,womens,Manchester Originals,FALSE,D,Allrounder,Right-arm Medium-Fast,8,1,1,7,1,0,0,1,18,90,153,1,4,1,0
KA Levick,womens,Birmingham Phoenix,FALSE,B,Bowler,Right-arm Medium-Fast,20,4,3,18,7,0,0,2,74,370,406,24,9,1,0
J Gardner,womens,Trent Rockets,FALSE,C,Allrounder,Right-arm Medium-Fast,15,82,11,13,64,6,3,17,1,5,10,0,2,10,0
CM Taylor,womens,Free Agent,FALSE,D,Allrounder,Right-arm Medium-Fast,3,0,0,3,0,0,0,0,7,35,65,1,2,0,0
E Windsor,womens,Welsh Fire,FALSE,C,Bowler,Right-arm Medium-Fast,13,18,4,10,24,2,0,13,,,,,,3,0
TT Beaumont,womens,Welsh Fire,FALSE,S,Batter,,20,567,20,18,442,79,7,118,,,,,,8,1
HL Baker,womens,Birmingham Phoenix,FALSE,C,Bowler,Right-arm Medium-Fast,14,10,7,11,12,1,0,5,39,195,232,10,14,2,0
K Moore,womens,Southern Brave,FALSE,C,Allrounder,Right-arm Medium-Fast,14,12,3,13,14,1,0,11,44.6,223,262,9,6,3,0
E Gray,womens,Oval Invincibles,FALSE,C,Allrounder,Right-arm Medium-Fast,17,21,4,16,19,1,1,16,39.6,198,232,13,3,3,0
GK Davis,womens,Free Agent,FALSE,D,Allrounder,Right-arm Medium-Fast,9,3,1,8,2,0,0,3,11,55,67,5,6,0,0
N Harman,womens,Free Agent,FALSE,D,Allrounder,Right-arm Medium-Fast,4,0,0,4,0,0,0,0,,,,,,2,0
S Munro,womens,London Spirit,FALSE,D,Allrounder,Right-arm Medium-Fast,12,11,4,11,11,1,0,5,19,95,144,6,14,3,0
PA Franklin,womens,Free Agent,FALSE,C,Allrounder,Right-arm Medium-Fast,5,17,3,4,17,1,0,7,8,40,80,1,3,4,0
N Brown,womens,Free Agent,FALSE,D,Allrounder,Right-arm Medium-Fast,4,0,0,4,0,0,0,0,5.6,28,40,0,3,2,0
HE Jones,womens,Free Agent,FALSE,C,Allrounder,Right-arm Medium-Fast,10,2,1,10,4,0,0,2,34,170,200,8,7,3,0
R Slater,womens,Free Agent,FALSE,D,Allrounder,Right-arm Medium-Fast,3,0,0,3,0,0,0,0,4,20,42,0,2,0,0
G Scrivens,womens,London Spirit,FALSE,C,Allrounder,Right-arm Medium-Fast,12,95,8,8,107,8,0,26,16.6,83,97,4,1,0,0
SL Kalis,womens,Birmingham Phoenix,TRUE,A,Allrounder,Right-arm Medium-Fast,6,83,5,4,65,11,1,28,,,,,,2,0
BA Langston,womens,Free Agent,FALSE,D,Allrounder,Right-arm Medium-Fast,5,0,1,4,1,0,0,0,13.8,69,117,0,7,0,0
AE Dyson,womens,Free Agent,FALSE,D,Allrounder,Right-arm Medium-Fast,2,0,0,2,0,0,0,0,3,15,31,0,0,0,0
GH Lewis,womens,Free Agent,FALSE,D,Allrounder,Right-arm Medium-Fast,3,25,3,3,35,3,1,16,,,,,,3,0
NAJ Wraith,womens,Trent Rockets,FALSE,D,Allrounder,Right-arm Medium-Fast,3,4,2,1,5,0,0,3,,,,,,1,0
M Kelly,womens,Northern Superchargers,FALSE,C,Allrounder,Right-arm Medium-Fast,18,220,15,17,186,30,1,69,1,5,6,0,0,6,1
AJ Healy,womens,Free Agent,TRUE,S,Wicket Keeper,,6,129,6,6,85,22,3,46,,,,0,0,1,0
JL Gunn,womens,Free Agent,FALSE,C,Allrounder,Right-arm Medium-Fast,6,29,3,3,15,5,0,15,15,75,119,4,0,3,0
SW Bates,womens,Oval Invincibles,TRUE,S,Allrounder,Right-arm Medium-Fast,14,367,14,13,316,41,6,79,,,,,,9,2
KM Chathli,womens,Oval Invincibles,FALSE,C,Allrounder,Right-arm Medium-Fast,10,6,4,10,19,0,0,3,,,,,,2,0
KE White,womens,Free Agent,FALSE,C,Allrounder,Right-arm Medium-Fast,3,10,2,2,7,0,1,9,,,,,,1,0
R MacDonald-Gay,womens,Oval Invincibles,FALSE,C,Allrounder,Right-arm Medium-Fast,14,21,3,13,17,0,2,19,29.2,146,218,15,17,2,1
Sophia Smale,womens,Oval Invincibles,FALSE,C,Bowler,Right-arm Medium-Fast,14,12,2,13,11,2,0,7,46,230,254,15,3,5,0
BL Mooney,womens,Free Agent,TRUE,S,Batter,,6,205,6,4,132,32,1,97,,,,,,2,1
AC Kerr,womens,London Spirit,TRUE,A,Bowler,Right-arm Medium-Fast,12,252,12,9,203,30,0,60,42,210,263,23,2,7,0
ML Schutt,womens,Free Agent,TRUE,A,Bowler,Right-arm Fast,6,3,1,6,7,0,0,3,21.2,106,131,6,7,3,0
FG Kemp,womens,Southern Brave,FALSE,C,Allrounder,Right-arm Medium,17,154,14,14,114,14,5,41,14,70,112,1,4,3,0
M Strano,womens,Free Agent,TRUE,B,Allrounder,Left-arm Orthodox Spin,1,0,0,1,0,0,0,0,4,20,33,0,3,0,0
EJ Villani,womens,Free Agent,TRUE,B,Batter,,7,182,7,6,154,28,1,55,,,,,,4,1
A King,womens,Trent Rockets,TRUE,S,Allrounder,Right-arm Medium-Fast,14,46,10,10,40,1,3,19,53,265,281,14,10,4,1
AE Satterthwaite,womens,Free Agent,TRUE,B,Allrounder,Right-arm Medium,4,24,3,4,34,3,0,13,,,,,,1,0
A Campbell,womens,Manchester Originals,FALSE,C,Batter,,10,97,8,9,134,8,0,28,,,,,,0,0
G Potts,womens,Trent Rockets,FALSE,D,Bowler,Right-arm Medium-Fast,6,4,1,5,4,0,0,4,11,55,82,0,3,1,0
SFM Devine,womens,Birmingham Phoenix,TRUE,S,Allrounder,Right-arm Medium-Fast,13,294,13,13,216,36,9,53,19.8,99,159,4,10,5,0
EA Perry,womens,Free Agent,TRUE,S,Allrounder,Right-arm Fast-Medium,6,134,6,4,98,17,2,58,,,,,,6,1
S Molineux,womens,Free Agent,TRUE,B,Allrounder,Left-arm Orthodox Spin,6,65,5,5,55,5,1,29,22.4,112,111,7,4,2,1
RL Haynes,womens,Free Agent,TRUE,A,Allrounder,Right-arm Medium-Fast,4,35,4,4,34,4,1,14,,,,,,3,0
A Sutherland,womens,Free Agent,TRUE,B,Allrounder,Right-arm Medium-Fast,6,88,6,5,73,5,3,34,18.4,92,135,4,15,5,0
L Filer,womens,London Spirit,FALSE,C,Allrounder,Right-arm Medium,12,54,6,9,39,4,2,21,32.2,161,231,4,19,2,0
C Nicholas,womens,Welsh Fire,FALSE,C,Batter,,14,5,4,12,10,0,0,3,40.2,201,253,9,8,5,0
TM McGrath,womens,Free Agent,TRUE,B,Allrounder,Right-arm Medium-Fast,7,70,6,7,75,9,0,31,16.8,84,118,4,9,4,1
A Cranstone,womens,Free Agent,FALSE,D,Allrounder,Right-arm Medium,1,18,1,1,21,2,0,18,,,,,,0,0
LMM Tahuhu,womens,Free Agent,TRUE,B,Bowler,Right-arm Fast,2,1,1,2,1,0,0,1,5,25,60,0,0,1,0
NJ Carey,womens,Free Agent,TRUE,B,Bowler,Right-arm Medium-Fast,4,76,4,4,67,9,0,28,12,60,89,4,4,1,1
ML Green,womens,Free Agent,TRUE,C,Allrounder,Right-arm Medium-Fast,1,10,1,1,13,1,0,10,,,,,,0,0
G Ballinger,womens,Northern Superchargers,FALSE,C,Bowler,Right-arm Fast-Medium,12,1,2,11,6,0,0,1,33,165,203,7,9,0,0
RA Fackrell,womens,Free Agent,TRUE,B,Bowler,Right-arm Medium-Fast,1,2,1,1,2,0,0,2,4,20,19,1,2,0,0
D Mullan,womens,Free Agent,TRUE,B,Allrounder,Right-arm Medium-Fast,1,9,1,1,10,1,0,9,,,,,,0,0
OJ Pope,mens,Free Agent,FALSE,A,Allrounder,Right-arm Medium-Fast,2,10,2,2,14,1,0,10,,,,,,0,0
A Zampa,mens,Oval Invincibles,TRUE,S,Bowler,Right-arm Leg-spin,7,26,3,5,24,3,0,14,26,130,153,10,3,2,0
Noor Ahmad,mens,Free Agent,TRUE,B,Bowler,Left-arm Orthodox Spin,1,9,1,0,4,0,1,9,3,15,31,0,2,0,0
MP Stoinis,mens,Free Agent,TRUE,S,Allrounder,Right-arm Medium-Fast,5,59,5,4,53,4,2,37,11,55,84,2,8,2,0
JK Fuller,mens,Southern Brave,FALSE,D,Bowler,Right-arm Medium-Fast,13,62,7,12,55,7,0,25,40,200,279,11,10,4,0
Rehan Ahmed,mens,Southern Brave,FALSE,C,Allrounder,Right-arm Medium-Fast,14,37,5,11,36,4,0,33,44.4,222,265,12,2,2,0
MG Hogan,mens,Free Agent,TRUE,C,Bowler,Right-arm Medium-Fast,7,2,2,6,4,0,0,2,22,110,185,7,6,0,0
GJ Maxwell,mens,Free Agent,TRUE,S,Allrounder,Right-arm Medium,4,116,4,3,77,16,3,43,5,25,16,2,0,4,0
KA Pollard,mens,Free Agent,TRUE,A,Allrounder,Right-arm Medium-Fast,6,113,5,2,68,6,7,34,1,5,5,0,0,3,0
NT Ellis,mens,London Spirit,TRUE,B,Bowler,Right-arm Medium-Fast,16,10,5,13,19,0,0,5,56.4,282,424,15,15,8,1
JM Cox,mens,Oval Invincibles,FALSE,C,Allrounder,Left-arm Medium-Fast,13,359,11,11,250,38,9,73,,,,,,12,1
HWR Cartwright,mens,Free Agent,FALSE,B,Allrounder,Right-arm Medium-Fast,5,62,4,4,47,4,2,42,,,,,,6,0
Mohammad Hasnain,mens,Free Agent,TRUE,B,Bowler,Right-arm Fast,5,11,1,4,4,1,1,11,14,70,132,6,23,0,0
WL Madsen,mens,Manchester Originals,FALSE,C,Allrounder,Right-arm Medium-Fast,13,183,11,11,148,16,2,53,,,,,,3,0
AD Russell,mens,Free Agent,TRUE,A,Allrounder,Right-arm Fast,6,148,6,4,88,9,12,64,15,75,133,4,7,5,1
PI Walter,mens,Manchester Originals,FALSE,D,Allrounder,Right-arm Medium-Fast,20,203,17,18,143,15,10,28,49,245,334,22,7,8,0
AJ Turner,mens,Manchester Originals,TRUE,A,Allrounder,Right-arm Medium-Fast,13,153,12,8,96,10,6,26,4,20,31,2,0,7,0
SA Abbott,mens,Free Agent,FALSE,A,Bowler,Right-arm Medium-Fast,5,11,2,5,11,0,1,10,15.8,79,148,6,12,8,1
F du Plessis,mens,Free Agent,TRUE,A,Batter,,8,134,8,8,99,11,7,56,,,,,,2,0
MS Pepper,mens,London Spirit,FALSE,D,Allrounder,Right-arm Medium-Fast,9,81,8,8,68,11,1,21,,,,,,3,0
AJ Hose,mens,Northern Superchargers,FALSE,D,Bowler,Right-arm Medium,16,316,14,14,205,33,12,59,,,,,,3,0
DJ Bravo,mens,Free Agent,TRUE,A,Allrounder,Right-arm Medium,6,27,4,4,25,3,0,19,24,120,182,9,8,1,0
DR Mousley,mens,Birmingham Phoenix,FALSE,D,Allrounder,Right-arm Medium,7,54,7,7,55,4,1,15,2.8,14,18,1,1,2,0
GL van Buuren,mens,Free Agent,TRUE,C,Allrounder,Right-arm Off-spin,1,1,1,0,2,0,0,1,2,10,28,0,0,1,0
KW Richardson,mens,Birmingham Phoenix,TRUE,S,Bowler,Right-arm Medium-Fast,14,23,6,11,21,2,1,9,41.8,209,300,19,7,3,2
DR Sams,mens,Trent Rockets,TRUE,S,Allrounder,Left-arm Medium-Fast,16,233,11,14,128,17,15,55,58.2,291,485,20,21,5,0
RR Rossouw,mens,Free Agent,TRUE,B,Batter,,6,70,6,6,62,7,2,24,,,,,,3,0
DA Miller,mens,Free Agent,TRUE,A,Allrounder,Right-arm Medium-Fast,7,73,7,6,80,2,2,35,,,,,,3,0
GLS Scrimshaw,mens,Welsh Fire,FALSE,D,Bowler,Left-arm Medium-Fast,4,5,1,3,3,1,0,5,14,70,123,4,1,1,0
T Stubbs,mens,Free Agent,FALSE,D,Bowler,Right-arm Medium-Fast,9,157,9,8,107,7,11,46,15,75,109,4,2,9,0
MS Wade,mens,London Spirit,TRUE,A,Allrounder,Right-arm Medium-Fast,15,291,13,14,192,29,10,81,,,,,,5,1
HJH Brookes,mens,Birmingham Phoenix,FALSE,D,Allrounder,Right-arm Medium-Fast,6,4,3,4,6,0,0,2,19,95,159,6,5,6,0
CN Miles,mens,Free Agent,FALSE,C,Bowler,Right-arm Fast-Medium,6,1,1,5,2,0,0,1,14.8,74,135,4,11,3,0
JA Haynes,mens,Free Agent,FALSE,D,Batter,,1,2,1,1,2,0,0,2,,,,,0,1,0
D Pretorius,mens,Free Agent,TRUE,B,Allrounder,Right-arm Fast-Medium,5,71,4,4,40,6,5,29,17,85,135,4,6,3,0
MT Stanley,mens,Manchester Originals,FALSE,D,Allrounder,Right-arm Medium,3,0,0,3,0,0,0,0,9,45,83,1,0,0,0
D Moriarty,mens,Free Agent,FALSE,C,Bowler,Left-arm Orthodox Spin,1,1,1,1,3,0,0,1,4,20,28,0,1,0,0
BR McDermott,mens,Free Agent,TRUE,C,Allrounder,Right-arm Medium,5,157,5,5,118,12,6,59,,,,,,1,0
J Little,mens,Free Agent,FALSE,B,Allrounder,Right-arm Medium,12,6,3,10,8,1,0,5,38.4,192,271,21,16,1,1
JG Bethell,mens,Birmingham Phoenix,FALSE,D,Allrounder,Right-arm Medium,3,10,3,3,13,1,0,10,,,,,,0,0
S Baker,mens,Free Agent,FALSE,B,Bowler,Right-arm Medium-Fast,3,0,1,3,2,0,0,0,9,45,75,2,5,0,0
IS Sodhi,mens,Trent Rockets,TRUE,A,Bowler,Leg-break,8,2,2,7,4,0,0,1,29.4,147,207,8,11,2,0
WD Parnell,mens,Northern Superchargers,TRUE,C,Allrounder,Left-arm Fast-Medium,9,50,5,6,34,4,2,14,31,155,249,12,1,0,1
P Hatzoglou,mens,Free Agent,TRUE,D,Bowler,Leg-break,2,1,1,1,1,0,0,1,7,35,60,2,13,0,0
BL D'Oliveira,mens,Free Agent,FALSE,C,Allrounder,Right-arm Off-spin,2,10,2,2,22,0,0,8,2,10,10,0,0,0,0
BJ Dwarshuis,mens,Free Agent,TRUE,C,Allrounder,Left-arm Fast-Medium,1,0,1,1,2,0,0,0,3,15,22,0,2,0,0
SG Budinger,mens,Free Agent,TRUE,D,Allrounder,Right-arm Fast-Medium,1,0,1,1,1,0,0,0,,,,,,0,0
T Sangha,mens,Birmingham Phoenix,TRUE,B,Allrounder,Leg-break,4,15,2,2,11,1,1,13,14,70,88,6,8,0,0
RJ Gleeson,mens,Manchester Originals,FALSE,D,Bowler,Right-arm Medium-Fast,8,8,2,7,10,1,0,8,27.6,138,227,8,14,0,0
M Brown,womens,Southern Brave,TRUE,B,Allrounder,Right-arm Medium-Fast,9,33,6,4,27,4,0,15,7,35,74,1,6,1,0
MLL Taylor,womens,Southern Brave,FALSE,D,Batter,,2,0,0,2,0,0,0,0,7,35,43,3,0,0,0
R Southby,womens,Southern Brave,FALSE,C,Allrounder,Right-arm Medium-Fast,9,0,0,9,0,0,0,0,,,,,,4,1
A Stonehouse,womens,Trent Rockets,FALSE,C,Allrounder,Right-arm Medium-Fast,7,16,1,6,7,3,0,16,24.2,121,179,4,24,1,0
T Flintoff,womens,Birmingham Phoenix,FALSE,D,Allrounder,Right-arm Medium-Fast,7,89,6,7,93,8,0,55,18,90,124,3,12,1,0
C Pavely,womens,Birmingham Phoenix,FALSE,D,Allrounder,Right-arm Medium,3,9,3,1,13,0,0,4,5,25,41,1,3,0,0
P Litchfield,womens,Northern Superchargers,TRUE,S,Allrounder,Right-arm Off-spin,10,279,9,9,210,38,3,68,,,,,,6,2
G Wareham,womens,Northern Superchargers,TRUE,A,Bowler,Leg-break,10,80,8,5,68,7,0,19,39,195,218,13,7,7,0
L Dobson,womens,Northern Superchargers,FALSE,D,Allrounder,Right-arm Medium,5,4,2,5,13,0,0,3,1,5,6,0,0,2,0
PJ Scholfield,womens,Oval Invincibles,FALSE,D,Bowler,Left-arm Medium-Fast,7,78,7,7,61,7,3,30,24,120,163,9,6,7,0
LE Scott,womens,Oval Invincibles,FALSE,D,Allrounder,Right-arm Medium-Fast,1,7,1,0,11,1,0,7,1,5,9,0,0,0,0
M Gaur,womens,Manchester Originals,FALSE,D,Allrounder,Right-arm Medium-Fast,6,0,1,5,1,0,0,0,20,100,123,4,5,1,0
GM Harris,womens,London Spirit,TRUE,B,Batter,,6,114,6,6,76,17,2,87,,,,,,6,1
RM Ghosh,womens,London Spirit,TRUE,B,Allrounder,Right-arm Medium-Fast,6,107,6,6,93,12,2,34,,,,,,6,0
N Holland,womens,London Spirit,FALSE,D,Bowler,Right-arm Medium-Fast,3,9,3,2,13,1,0,7,,,,,,0,0
EM McCaughan,womens,Welsh Fire,FALSE,D,Bowler,Right-arm Medium,2,2,1,2,2,0,0,2,,,,,,0,0
CM McCarthy,womens,Trent Rockets,FALSE,D,Allrounder,Right-arm Fast-Medium,2,0,0,2,0,0,0,0,4,20,33,0,4,0,0
C Brewer,womens,Birmingham Phoenix,FALSE,D,Bowler,Right-arm Medium-Fast,1,0,0,1,0,0,0,0,2,10,26,0,1,0,0
N de Klerk,womens,Free Agent,TRUE,A,Allrounder,Right-arm Medium,2,56,2,1,30,9,1,51,7,35,55,2,2,0,1
Imad Wasim,mens,Trent Rockets,TRUE,B,Allrounder,Left-arm Orthodox Spin,2,27,2,1,26,3,0,26,7,35,27,2,0,1,0
LWP Wells,mens,Welsh Fire,FALSE,D,Allrounder,Slow left-arm Orthodox,7,109,7,6,67,12,5,57,7,35,61,1,6,0,1
SS Eskinazi,mens,Welsh Fire,FALSE,C,Batter,,8,208,8,7,134,19,8,58,,,,,,2,1
BGF Green,mens,Welsh Fire,FALSE,B,Allrounder,Right-arm Fast-Medium,5,51,3,5,42,1,3,25,8,40,50,2,2,3,0
Shaheen Shah Afridi,mens,Welsh Fire,TRUE,S,Bowler,Left-arm Fast,6,5,2,4,7,0,0,3,20,100,126,6,1,1,0
Haris Rauf,mens,Welsh Fire,TRUE,B,Bowler,Right-arm Fast,6,0,1,6,1,0,0,0,20,100,125,6,4,1,0
MDE Holden,mens,Manchester Originals,FALSE,D,Batter,,8,154,8,8,97,18,4,37,,,,,,0,0
J Overton,mens,Manchester Originals,FALSE,B,Allrounder,Right-arm Medium-Fast,10,202,9,6,111,17,12,83,17,85,114,3,4,6,1
Usama Mir,mens,Manchester Originals,TRUE,A,Bowler,Leg-break,6,41,4,4,23,6,1,32,16,80,139,6,8,0,1
JC Tongue,mens,Manchester Originals,FALSE,C,Bowler,Right-arm Fast-Medium,5,0,0,5,0,0,0,0,15.2,76,125,7,6,2,0
DJ Mitchell,mens,London Spirit,TRUE,S,Bowler,Right-arm Fast-Medium,8,136,6,7,104,10,4,57,8.2,41,77,3,3,3,0
DJ Worrall,mens,London Spirit,FALSE,D,Bowler,Right-arm Fast-Medium,7,0,1,6,1,0,0,0,24.2,121,151,9,11,1,0
H Klaasen,mens,Free Agent,TRUE,B,Batter,,7,189,7,6,106,6,17,60,,,,,,3,1
AAP Atkinson,mens,Oval Invincibles,FALSE,D,Allrounder,Right-arm Medium-Fast,6,3,1,5,4,0,0,3,23,115,172,10,14,1,0
ZJ Chappell,mens,Oval Invincibles,FALSE,C,Allrounder,Right-arm Medium,4,0,1,4,1,0,0,0,11,55,98,7,4,0,0
JL Smith,mens,Birmingham Phoenix,FALSE,D,Allrounder,Right-arm Fast-Medium,7,191,7,7,119,15,11,60,,,,,,4,1
Shadab Khan,mens,Free Agent,TRUE,B,Allrounder,Right-arm Leg-spin,3,6,3,3,13,0,0,4,7,35,55,1,0,1,0
MW Short,mens,Northern Superchargers,TRUE,A,Allrounder,Left-arm Medium-Fast,8,150,7,8,90,15,7,73,9,45,71,2,1,3,1
SA Zaib,mens,Northern Superchargers,FALSE,D,Allrounder,Left-arm Orthodox Spin,6,60,4,6,51,4,2,21,,,,,,2,0
JJ Weatherley,mens,Southern Brave,FALSE,C,Batter,,4,8,2,3,7,1,0,8,,,,,,2,0
SH Johnson,mens,Free Agent,FALSE,D,Allrounder,Right-arm Medium-Fast,6,1,1,5,1,0,0,1,20,100,129,5,11,0,0
CR Woakes,mens,Birmingham Phoenix,FALSE,ccp,Allrounder,Right-arm Fast-Medium,3,20,3,2,20,0,1,16,11,55,71,2,4,0,0
JA Turner,mens,Free Agent,TRUE,B,Allrounder,Right-arm Medium,1,0,0,1,0,0,0,0,4,20,22,3,2,0,0
TS Muyeye,mens,Oval Invincibles,FALSE,D,Batter,,3,11,2,3,13,1,0,11,,,,,,2,0
Zaman Khan,mens,Manchester Originals,TRUE,B,Allrounder,Right-arm Fast-Medium,5,0,0,5,0,0,0,0,17,85,148,2,10,1,0
MJ Henry,mens,Free Agent,TRUE,B,Bowler,Right-arm Fast,2,0,0,2,0,0,0,0,7,35,27,3,5,1,0
MJ Santner,mens,Southern Brave,TRUE,B,Allrounder,Slow left-arm Orthodox,2,0,0,2,0,0,0,0,7,35,37,1,1,1,0
TG Southee,mens,Free Agent,TRUE,A,Bowler,Right-arm Fast-Medium,1,3,1,1,4,0,0,3,4,20,23,3,0,0,0
MA Wood,mens,London Spirit,FALSE,ccp,Bowler,Right-arm fast,0,,0,0,,0,0,,,,,,,0,0
OE Robinson,mens,Northern Superchargers,FALSE,B,Bowler,Right-arm Medium-Fast,0,,0,0,,0,0,,,,,,,0,0
B de Leede,mens,Northern Superchargers,FALSE,D,Allrounder,Right-arm Fast-Medium,0,,0,0,,0,0,,,,,,,0,0
Ihsanullah,mens,Oval Invincibles,TRUE,C,Bowler,Right-arm Fast,0,,0,0,,0,0,,,,,,,0,0
JC Archer,mens,Southern Brave,FALSE,ccp,Bowler,Right-arm Fast,0,,0,0,,0,0,,,,,,,0,0
JA Chohan,mens,Southern Brave,FALSE,D,Bowler,Leg-break,0,,0,0,,0,0,,,,,,,0,0
DST Perrin,womens,Birmingham Phoenix,FALSE,D,Allrounder,Leg-break,0,,0,0,,0,0,,,,,,,0,0
L Heap,womens,Manchester Originals,FALSE,D,Batter,Right-arm Off-spin,0,,0,0,,0,0,,,,,,,0,0
G Hall,womens,Northern Superchargers,FALSE,D,Allrounder,Right-arm Off-spin,0,,0,0,,0,0,,,,,,,0,0
A Cranstone,womens,Northern Superchargers,FALSE,D,Batter,,0,,0,0,,0,0,,,,,,,0,0
H Rainey,womens,Oval Invincibles,FALSE,D,Bowler,Right-arm medium,0,,0,0,,0,0,,,,,,,0,0
C Cooper,womens,Oval Invincibles,FALSE,D,Allrounder,Right-arm Off-spin,0,,0,0,,0,0,,,,,,,0,0
Seren Smale,womens,Southern Brave,FALSE,D,Wicket Keeper,,0,,0,0,,0,0,,,,,,,0,0
E Anderson,womens,Southern Brave,FALSE,D,Bowler,Right-arm Fast-Medium,0,,0,0,,0,0,,,,,,,0,0
JP Groves,womens,Trent Rockets,FALSE,D,Bowler,Leg-break,0,,0,0,,0,0,,,,,,,0,0
C Skelton,womens,Welsh Fire,FALSE,D,Allrounder,Right-arm Off-spin,0,,0,0,,0,0,,,,,,,0,0
KL Coppack,womens,Welsh Fire,FALSE,D,Bowler,Right-arm Fast-Medium,0,,0,0,,0,0,,,,,,,0,0
TE Lawes,mens,Oval Invincibles,FALSE,D,Allrounder,Right-arm Fast-Medium,0,,0,0,,0,0,,,,,,,0,0
C Hill,womens,London Spirit,FALSE,D,Wicket Keeper,,0,,0,0,,0,0,,,,,,,0,0
