customer_id,customer_title,forename,surname,address_1,address_2,address_3,county,postcode,telephone,age,package_bought,monthly_subscription,days_active,recent_nps,,1a,Quantitative Data,,,Qualitative Data,,,,,,
376,,Brenda,Field,Studio 57B,Rose Trafficway,Humphreyshaven,Renfrewshire,HD9 2NB,4.41155E+11,48,enterprise,32.9,246,7,,,Data related to quantities or amounts,,,Data related to descriptions or categories,,,,,,
377,,Alison,Hughes-Williams,738 James Plains,,North Russellfort,West Yorkshire,S9W 5WY,+4429 2018 0118,43,pro,26.46,153,7,,1b,Discrete,Continuous,Ordinal,Textual,,,,,,
378,Dr,David,Mason,Flat 33,Maria Curve,Frostton,Caernarvonshire,HD46 3PR,+44808 157 0161,50,basic,17.59,171,9,,,Data can take on values from a finite range,Data can take on any value within a range,Data is ordered and each value has meaning,Data is given in a text format,,,,,,
379,,Guy,Harris,Studio 93,Cook Row,Edwardbury,Norfolk,PL6Y 3LJ,4.41415E+11,61,basic,19.16,172,8,,1c,Sensitive Data,,,,,,,,,
380,,Amber,Brooks-Williams,Flat 03t,Maria Camp,South Tony,Aberdeen City,S27 0BP,+44808 1570976,29,basic,18.43,131,8,,,Data that contains proprietary information or is PII (Personiable Identifiable Information). ,,,,,,,,,
381,,Ronald,Taylor,Flat 1,Karl View,West Louis,West Berkshire,WS0 4NA,+44(0)909 8790439,37,enterprise,19.05,162,8,,,,,,,,,,,,
382,Miss,Molly,Clark,Studio 6,Craig Radial,East Harrietbury,East Lothian,DY96 8FL,+44808 157 0242,40,basic,19.94,205,9,,,,,,,,,,,,
383,,Jane,Scott-French,Studio 2,Herbert Locks,East Natashabury,Stirling,G4U 4RD,(0161) 4960968,67,basic,15.61,222,9,,2,Average monthly subscription,"""=AVERAGE( )""","""=MEDIAN( ) """,,,,,,,
384,Mr,Rhys,Martin,Studio 4,Smith Harbor,Lake Katherine,South Yorkshire,B8 8TB,01632 960 621,49,basic,16.48,190,7,,3,Average NPS,"""=AVERAGE( )""",,,,,,,,
385,,Malcolm,May,Flat 83H,Carly Neck,Shepherdmouth,Nottinghamshire,N5E 0UE,+44(0)28 9018382,50,pro,34.67,135,8,,4,Range of monthly subscription,"""=MAX( ) - MIN( )""",,,,,,,,
386,Mr,Ross,Lamb,5 Scott Courts,,North Lindaland,Denbighshire,ME4W 4WB,(0161) 496 0010,48,basic,16.2,243,9,,,,,,,,,,,,
387,Miss,Megan,Smith,Studio 54S,Johnson Springs,Jenkinshaven,East Ayrshire,CT53 3RD,+44(0)9098790358,36,pro,33.56,219,9,,5,NPS frequency,Upper limit,Category,,,,,,,
388,,Wayne,McDonald,4 Shaw Viaduct,,Terrymouth,Tyne and Wear,ST9 8WS,4.41415E+11,43,pro,26.12,234,9,,,,6,Detractor,,,,,,,
389,,Leanne,Wood,1 Pauline Burgs,,North Catherineborough,Northumberland,SG9M 9BN,4.41155E+11,39,pro,33.06,260,8,,,,8,Neutral,,,,,,,
390,,Holly,Miller,654 Liam Crossroad,,Knightside,Greater London,S3H 3RA,+44115 4960399,22,enterprise,21.75,251,8,,,,10,Promoter,,,,,,,
391,,Gemma,Barrett,Studio 53,Joshua Field,South Allanton,Merseyside,HP7 1SG,0808 1570509,35,pro,30.74,168,7,,,,,,,,,,,,
392,Mr,Frederick,Preston,5 Wright Summit,,Arthurport,Merseyside,TA1P 2PX,+44(0)191 496 0397,42,basic,18.32,196,8,,Stretch,,,,,,,,,,
393,,Barry,Sims,9 Gilbert Islands,,South Luke,South Ayrshire,NE03 7PP,(0115) 4960784,36,enterprise,37.97,190,4,,1,Average days_active,"""=AVERAGE( )""",Standard Deviation,"""=STDEV.S( )""",,,,,,
394,,Wendy,Taylor,Flat 0,Jonathan Light,South Jill,Tyne and Wear,W4W 0AE,+44(0)3069990046,36,basic,19.72,206,10,,2,Most common package,"""=MODE.SINGL( )""",,,,,,,,
395,,Jonathan,Hill-Smith,Studio 63v,Mary Ports,Stanleychester,Cardiganshire,ZE36 5LQ,(028)9018376,47,enterprise,34.49,238,8,,,,,,,,,,,,
396,,Gillian,Simpson,1 Roger Branch,,New Dominic,Greater Manchester,WN3 0ND,+44(0)161 4960645,40,basic,16.58,181,9,,3,Frequency distribution of age bands,Upper limit,Category,,,,,,,
397,,Graeme,Newton,3 Dickinson Walk,,Reidchester,Buckinghamshire,BB3 2UU,(0151) 496 0568,45,basic,16.32,227,10,,,,30,Under 30,,,,,,,
398,,Bryan,Lawrence-Patel,Flat 7,Goodwin Spurs,North Williamport,Moray,WN0Y 1FP,020 7946 0305,41,enterprise,22.81,150,5,,,,40,30 - 40,,,,,,,
399,Mrs,Angela,Kirk,Flat 82M,Kimberley Shores,Michaelton,Nottinghamshire,WV4E 6NX,(0113)4960626,59,basic,19.15,177,8,,,,50,40 - 50,,,,,,,
400,Dr,Aaron,Davies,Flat 17,Flynn Courts,Dixontown,Radnorshire,W2C 2BG,+44115 4960019,36,pro,27.45,198,7,,,,60,50 - 60,,,,,,,
401,Mrs,Tracey,Matthews,Flat 09w,Morgan Roads,West Debra,Monmouthshire,M3 0FU,+44(0)131 496 0878,67,basic,19.07,215,10,,,,120,60+,,,,,,,
402,Ms,Annette,Browne,Flat 57,Kieran Run,South Dennismouth,West Yorkshire,B6 4YL,+44(0)28 9018 0113,39,pro,25.77,203,8,,,,,,,,,,,,
403,Dr,Thomas,Jones,593 Stephens Trafficway,,Duncanmouth,West Lothian,SR68 0EQ,+44(0)116 4960777,54,basic,18.31,205,10,,,,,,,,,,,,
404,,Melissa,Phillips,37 Gavin Land,,Hartland,West Yorkshire,CR6Y 7AY,+4429 2018918,39,basic,17.86,160,10,,,,,,,,,,,,
405,,Malcolm,Rogers-Newton,87 Walsh Glens,,South Keith,Dundee City,M1 8NA,020 74960577,45,basic,17.65,189,10,,,,,,,,,,,,
406,,Susan,Savage,441 Alex Knoll,,West Marktown,Flintshire,EC1R 2AJ,+44(0)306 999 0987,50,basic,15.04,176,10,,,,,,,,,,,,
407,,Nathan,Williams-Hardy,Studio 89,Chloe Points,Dawnborough,Warwickshire,SN0B 6LG,+44141 496 0986,46,basic,17.83,230,9,,,,,,,,,,,,
408,,Anthony,Roberts,Flat 31,Alice River,New Leigh,Cornwall,BL5 6JL,+44(0)909 8790361,37,basic,17.69,183,7,,,,,,,,,,,,
409,,Katherine,Foster,Studio 1,Williams Pike,Samanthaside,Highland,LL9M 8PJ,1614960077,42,basic,17.7,183,7,,,,,,,,,,,,
410,,Fiona,Davies,81 Frances Meadow,,Port Elliott,North Ayrshire,HX27 8HG,0161 4960850,38,basic,16.23,187,10,,,,,,,,,,,,
411,Ms,Teresa,Yates,959 Jones Mall,,Damianfurt,Oxfordshire,PR1 2UY,(0306) 999 0464,49,basic,16.26,231,10,,,,,,,,,,,,
412,,Heather,Johnston,Flat 26,Bell Valley,Port Gavin,Aberdeenshire,TD0 7XZ,4.48082E+11,49,basic,16.06,228,9,,,,,,,,,,,,
413,Dr,Zoe,Parker,Flat 04,Barker Wells,South Mohammed,Kent,N4F 6TR,+44(0)28 9018598,36,basic,17.93,197,7,,,,,,,,,,,,
414,,Declan,Griffiths,87 Rice Streets,,Smithton,East Sussex,CH86 3SB,4.41215E+11,46,basic,18.73,149,8,,,,,,,,,,,,
415,,Jasmine,Evans,4 Jane Heights,,Yvonnebury,West Dunbartonshire,EX55 0PL,+44161 496 0240,52,pro,26.8,208,8,,,,,,,,,,,,
416,,Adam,Baker,Flat 82w,Geoffrey Pike,Lake Josephside,Derbyshire,CM97 1AD,0118 496 0253,35,pro,32.65,216,9,,,,,,,,,,,,
417,,Lydia,Booth,44 Singh Junction,,Port Natalie,East Lothian,L0S 7AF,028 9018956,38,enterprise,28.66,275,3,,,,,,,,,,,,
418,,Aaron,Daniels-Perkins,Flat 56,Marian Knoll,West Maxberg,Armagh,B9E 6WE,0141 4960463,61,pro,27.32,200,7,,,,,,,,,,,,
419,,Rosie,Whitehead,425 Russell Views,,North Carole,South Lanarkshire,DT9 0ED,+4428 9018 0037,41,basic,19.67,215,10,,,,,,,,,,,,
420,,Charlene,Dennis,593 Coates Lodge,,Adriantown,Midlothian,S8F 3AZ,+44(0)1214960278,42,basic,19.27,201,9,,,,,,,,,,,,
421,,Denis,Henderson,Flat 02k,Frank Union,New Nataliefurt,Argyll and Bute,W10 0PZ,+44306 9990781,55,basic,18.64,242,10,,,,,,,,,,,,
422,,Alice,Jones,Flat 6,Skinner Trail,Port Bradley,West Berkshire,B7J 5RL,4.41615E+11,45,basic,17.02,225,10,,,,,,,,,,,,
423,,Joseph,Evans-Smith,Studio 1,Cooper Manors,Thomasstad,East Sussex,SK68 6JE,(0116) 4960699,34,pro,28.85,157,8,,,,,,,,,,,,
424,,Gerald,Blackburn,74 Ahmed Station,,South Kieran,West Dunbartonshire,B3 9EN,0115 4960301,56,basic,19.98,197,10,,,,,,,,,,,,
425,Miss,Irene,Hunt,Flat 48g,Harriet Key,New Denis,Cardiganshire,S7U 1HE,(0161)4960679,42,pro,32.08,244,10,,,,,,,,,,,,
426,,Jason,Griffiths-Campbell,Flat 70c,Pratt Way,Nixonburgh,Fermanagh,TD5 4ZL,+44(0)1184960481,45,basic,18.9,174,8,,,,,,,,,,,,
427,,Mary,Hamilton,7 Kirsty Park,,Richardfurt,West Yorkshire,WF10 5ZD,0151 496 0750,66,enterprise,37.27,140,5,,,,,,,,,,,,
428,Mr,Mohamed,Hawkins,9 Turner Coves,,Burkemouth,Bedfordshire,S9 0UP,0121 4960041,54,pro,34.3,207,9,,,,,,,,,,,,
429,,Leigh,Potter-Singh,579 Wilkinson Green,,East Paige,Denbighshire,WN2E 7ZQ,(01632) 960082,33,pro,33.35,205,8,,,,,,,,,,,,
430,,Rita,Holmes,Flat 5,Rhodes Expressway,South Junehaven,Highland,L80 9WD,4.41515E+11,32,basic,16.88,216,10,,,,,,,,,,,,
431,Dr,Lydia,Hamilton,Studio 23p,Davies Vista,Lake Sally,Warwickshire,G9 8EQ,+44(0)8081570399,50,basic,18.84,200,8,,,,,,,,,,,,
432,,Rosemary,Walker,91 Sharon Cove,,Evansbury,Derry and Londonderry,IG07 7FS,+44(0)1414960701,37,basic,16.24,208,9,,,,,,,,,,,,
433,,Jack,Smith,0 Murphy Ramp,,Rickyhaven,Kent,FK72 0TP,+44909 8790858,49,pro,27.84,224,10,,,,,,,,,,,,
434,Miss,Vanessa,Cole,287 Samantha Glen,,Ritachester,Cardiganshire,BT77 9RF,1174960190,44,basic,15.93,166,9,,,,,,,,,,,,
435,,Marcus,Johnson,2 Tina Shore,,Farrellburgh,Down,G54 3YH,1174960944,54,enterprise,32.27,172,4,,,,,,,,,,,,
436,,David,Jones,71 Stewart Hollow,,South Frederick,Pembrokeshire,M22 1RB,4.41165E+11,65,basic,18.01,295,9,,,,,,,,,,,,
437,,Bryan,Foster,Flat 46O,West Streets,Geraldinehaven,Merseyside,L7 5QH,(020)74960136,32,basic,15.38,252,10,,,,,,,,,,,,
438,,Lorraine,Cooper-Kennedy,Studio 4,Jackson Manor,Hartbury,Northumberland,G14 2BX,(028) 9018511,56,basic,19.98,207,9,,,,,,,,,,,,
439,,Donald,Harvey,9 Alexandra Forge,,West Gailborough,Fermanagh,HP48 3BS,+44(0)115 496 0188,39,enterprise,33.88,116,3,,,,,,,,,,,,
440,,Melissa,Dickinson,Studio 7,Margaret Motorway,Bakerbury,Somerset,SP25 9ED,+44(0)131 496 0084,27,basic,17.91,221,9,,,,,,,,,,,,
441,,Linda,Davis,Studio 72,Geoffrey Burgs,Singhside,Northumberland,AB1 1BA,4.41315E+11,58,basic,16.65,150,8,,,,,,,,,,,,
442,,Norman,Miller-Lane,Flat 50,Taylor Ramp,Natashamouth,East Ayrshire,HP09 9BU,292018895,35,basic,16.59,231,10,,,,,,,,,,,,
443,Dr,Glen,Cook,0 Yvonne Points,,Zoeville,Northamptonshire,L0K 7TE,+44(0)116 4960182,35,pro,26.7,210,7,,,,,,,,,,,,
444,,Wendy,Burrows-Bates,3 Alexander Turnpike,,Ahmedland,Shropshire,B3 1YY,+44306 999 0110,41,pro,30.8,164,7,,,,,,,,,,,,
445,,Grace,Jackson,Flat 86,Bethan Lake,Pagestad,East Renfrewshire,HD1 9BN,4.41215E+11,34,basic,17.57,248,10,,,,,,,,,,,,
446,,Gail,Hurst,5 Henry Hill,,East Abdul,Cumbria,L2G 6GN,(0306)9990165,50,enterprise,23.96,140,1,,,,,,,,,,,,
447,,Linda,Fowler,Flat 9,Lynn Neck,Daviesport,South Lanarkshire,OL01 5TP,+44(0)29 2018 0045,69,enterprise,25.72,180,7,,,,,,,,,,,,
448,Mr,Jake,Francis,Studio 47l,King Passage,Paigeville,Antrim,ML6 7ES,+44(0)114 496 0291,54,enterprise,24.73,216,2,,,,,,,,,,,,
449,,Eleanor,Evans,0 Barnett Well,,Paulchester,Leicestershire,JE9 9LR,+44(0)292018798,49,basic,15.69,187,7,,,,,,,,,,,,
450,,Janice,Green,8 Leigh Dale,,North Olivia,Denbighshire,WR7V 8AL,0808 157 0417,54,enterprise,35.86,215,8,,,,,,,,,,,,
451,Mr,Nigel,Randall,Studio 2,Stanley Wall,Howardport,Hertfordshire,WR5R 3RP,(0121) 496 0382,42,basic,17.89,277,10,,,,,,,,,,,,
452,Miss,Molly,Adams,Studio 9,Henry Road,Murphystad,South Lanarkshire,M2 6ZB,(0117)4960989,38,enterprise,35.93,252,7,,,,,,,,,,,,
453,,Bethan,Cook,970 Ben Ramp,,South Daniel,Kent,DA75 3TS,+44(0)161 496 0938,34,basic,19.07,175,10,,,,,,,,,,,,
454,,Billy,Bell,4 Nicholson Harbors,,North Mitchell,City of Edinburgh,S6 4LT,(0118)4960487,44,enterprise,36.26,137,6,,,,,,,,,,,,
455,,Jade,Jones,Studio 50L,Mills Shores,Port David,Moray,W0A 5FL,+44(0)20 7496 0536,49,pro,34.39,157,8,,,,,,,,,,,,
456,,Stephanie,Collins,Studio 75g,Geoffrey Coves,Joanland,Essex,S2 3FP,(0808)1570579,64,enterprise,39.09,177,3,,,,,,,,,,,,
457,,Kimberley,Morris,88 Wilson Station,,Charlotteview,Dundee City,N8 1BW,(0909)8790398,55,enterprise,20.79,188,1,,,,,,,,,,,,
458,,Christian,Bell-Shah,67 Linda Common,,Charltonfurt,Inverclyde,E74 6LJ,0141 4960276,54,enterprise,35.7,219,7,,,,,,,,,,,,
459,Miss,Janet,Preston,56 Berry Village,,Hollychester,West Dunbartonshire,L8 1JN,(0115)4960131,55,pro,26.82,185,8,,,,,,,,,,,,
460,,Hugh,Martin,Flat 8,Hayley Track,North Edward,Glasgow City,NG82 6PF,(0191) 496 0366,52,basic,17.11,212,9,,,,,,,,,,,,
461,Dr,Bruce,Norris,Flat 74,Walton Park,North Yvonne,West Dunbartonshire,M2 6AQ,0121 496 0065,52,basic,18.77,246,10,,,,,,,,,,,,
462,,Tony,Ahmed-Short,Studio 85,Wilkinson Keys,Dominicburgh,Merionethshire,TQ3N 2AF,+44191 4960103,52,basic,18.71,169,7,,,,,,,,,,,,
463,Dr,Sian,May,335 Byrne Plaza,,Ronaldland,Dundee City,NW5 8NU,0161 4960742,54,enterprise,33.45,209,8,,,,,,,,,,,,
464,,Norman,Hawkins,Studio 71j,Field Dam,Lake Steven,East Ayrshire,S79 8JT,+44(0)1214960870,36,pro,29.84,197,8,,,,,,,,,,,,
465,Mrs,Andrea,Russell,Studio 30O,Allan Station,East Hughfort,Armagh,TS97 8SJ,0116 4960778,47,pro,34.49,309,9,,,,,,,,,,,,
466,,Paul,Pearson,67 Judith Ramp,,East Danny,Dorset,G05 5EX,4.41135E+11,62,basic,17.87,183,7,,,,,,,,,,,,
467,,Cameron,Barnett,9 Bethan Trail,,North Mary,Merseyside,PO69 6YE,+4428 9018644,19,enterprise,27.68,227,8,,,,,,,,,,,,
468,,Lynne,May,Studio 38,Alice Parks,Port Sean,Cornwall,CW7 6YX,(0141) 4960894,65,pro,33.57,275,8,,,,,,,,,,,,
469,,Amanda,Burns,Flat 40d,Begum Union,West Michael,Warwickshire,N4K 5WE,(0131)4960013,51,enterprise,31.34,216,8,,,,,,,,,,,,
470,,Damian,Khan,343 Catherine Trail,,Port Fionaport,Orkney Islands,M9U 5AN,4.4307E+11,53,enterprise,23.29,168,6,,,,,,,,,,,,
471,Dr,Craig,Smith,Studio 56,Patricia Park,West Clare,Aberdeenshire,W40 9DQ,(0151)4960687,51,basic,16.98,242,9,,,,,,,,,,,,
472,,Phillip,White-Evans,Studio 07,Moore Mall,East Ellieshire,East Ayrshire,W6D 4RH,4.41315E+11,32,basic,15.93,190,7,,,,,,,,,,,,
473,,Adam,Bevan,15 Cooke Shoal,,North Cheryl,Leicestershire,RM6 2YP,+44(0)161 4960044,57,basic,15.83,119,10,,,,,,,,,,,,
474,,Janet,Arnold,Studio 54,Taylor Alley,Mitchellburgh,Montgomeryshire,L52 8PN,8081570307,24,pro,27.57,225,7,,,,,,,,,,,,
475,,Nathan,Barber-Griffiths,0 Richardson View,,Kingside,Caernarvonshire,M4S 2QQ,+44(0)116 4960373,59,enterprise,33.25,241,6,,,,,,,,,,,,
476,,Linda,Watson,8 Burns Road,,South Amanda,Wiltshire,NP2 5BW,1134960912,41,pro,33.61,123,6,,,,,,,,,,,,
477,,Amelia,Patel,6 Laura Mission,,South Leanne,Northamptonshire,WV82 5RF,(01632)960116,39,enterprise,39.75,160,6,,,,,,,,,,,,
478,,Michael,Bowen,Flat 83,Middleton Orchard,Huntburgh,Warwickshire,W5 7LF,(0116) 4960598,48,enterprise,29.26,196,2,,,,,,,,,,,,
479,,Teresa,Davies,Studio 32,Webb Common,North Hayleyport,Flintshire,M83 7EQ,+4428 9018259,18,basic,16.92,190,7,,,,,,,,,,,,
480,Dr,Georgia,Davis,Studio 15m,Shaun Crescent,South Kieran,Derbyshire,E6G 6FG,0191 4960168,58,pro,32.02,193,7,,,,,,,,,,,,
481,Mrs,Denise,Ellis,9 Allan Ways,,Gillianstad,Cambridgeshire,E7 3RQ,1632960676,57,basic,18.19,198,10,,,,,,,,,,,,
482,,Kathryn,Moore,Studio 33,Webb Street,Jodiebury,Tyrone,S25 2TS,4.41185E+11,43,enterprise,33.04,203,7,,,,,,,,,,,,
483,,Margaret,Jackson,71 Anna Walk,,West Emma,Down,S7H 5JD,(0121) 496 0470,47,basic,16.21,208,10,,,,,,,,,,,,
484,,William,King,Flat 62l,Hughes Points,Lake Damianberg,Dumfries and Galloway,TQ71 3UA,+44(0)114 4960447,62,pro,30.11,210,9,,,,,,,,,,,,
485,,Martin,Heath,Studio 0,Shaw Plains,Lake Alexandraton,Leicestershire,TN8B 3DN,0118 496 0956,57,enterprise,20.82,228,3,,,,,,,,,,,,
486,,Callum,Nicholls,Studio 23c,Carl Locks,South Karenville,West Lothian,CW19 9BX,0191 498 0513,55,pro,30.07,281,8,,,,,,,,,,,,
487,Ms,Olivia,Thomas,Studio 84,Davey Port,Brettberg,Leicestershire,B08 5JE,+44(0)909 8790273,51,pro,25.75,236,9,,,,,,,,,,,,
488,,Jason,Clements,Flat 5,Brown Loaf,East Donna,Cleveland,TS21 7DP,0114 496 0094,48,basic,18.55,192,8,,,,,,,,,,,,
489,,Geraldine,Palmer,555 Jennings Pines,,Kimberleyview,Armagh,M7 2BQ,(029)2018672,60,basic,17.46,213,10,,,,,,,,,,,,
490,Miss,Melanie,Holmes,903 Begum Mountain,,Declanmouth,North Lanarkshire,L5J 4XT,(0191) 4960641,25,basic,19.41,210,10,,,,,,,,,,,,
491,,Amanda,Green,Flat 46,Dawn Crest,Chapmantown,Flintshire,L26 4ZG,0151 4960909,43,pro,31.57,173,7,,,,,,,,,,,,
492,,Emma,Long,45 Allen Throughway,,Careystad,West Dunbartonshire,CT33 4BH,+44(0)1914960751,42,basic,17.3,248,10,,,,,,,,,,,,
493,Dr,Ashley,Steele,1 Norman Plains,,Kennethton,West Lothian,L17 8QZ,+44(0)28 9018219,51,basic,16.42,55,8,,,,,,,,,,,,
494,Mrs,Dorothy,Miles,842 Miller Ramp,,Tracystad,West Lothian,IM9Y 0ZR,+44808 1570320,54,basic,16.3,209,9,,,,,,,,,,,,
495,,Suzanne,Hargreaves,3 Bruce Flats,,New Mandyport,Fermanagh,E4 9RN,(029) 2018 0937,60,basic,19.39,216,10,,,,,,,,,,,,
496,,Marc,Vincent,193 Freeman Light,,New Annhaven,Leicestershire,N2 1SF,1164960538,31,pro,32.9,193,7,,,,,,,,,,,,
497,,Marilyn,Thomas-Wilkinson,Studio 80r,Darren Corners,West Lukefort,South Yorkshire,L69 6GE,+44131 4960356,43,basic,16.25,210,10,,,,,,,,,,,,
498,Mr,Anthony,Patel,833 Henry Track,,Amymouth,Worcestershire,TA77 7AP,+44(0)116 496 0314,52,enterprise,36.89,158,3,,,,,,,,,,,,
499,,Patrick,Nicholson,95 Maurice Skyway,,Garryview,Midlothian,W3G 6NR,+44(0)2074960135,32,pro,28.74,190,8,,,,,,,,,,,,
500,,Janice,Daniels-Stevenson,453 Cole Drives,,Tonyfort,East Dunbartonshire,S31 5ZU,+44(0)29 2018 0908,22,pro,25.67,210,7,,,,,,,,,,,,
501,Miss,Kirsty,Brooks,98 Mark Valleys,,North Susan,Denbighshire,IV8H 8AZ,(0121)4960154,64,basic,19.25,188,7,,,,,,,,,,,,
502,Dr,Luke,Brookes,Studio 5,Richard Keys,South Clifford,West Midlands,TN57 1HD,020 7946 0379,31,basic,16.13,117,7,,,,,,,,,,,,
503,Dr,Ryan,Manning,33 Rosemary Place,,New Harrietfort,Denbighshire,SO9 1JU,4.41915E+11,36,enterprise,35.45,251,7,,,,,,,,,,,,
504,,Gerald,Farmer,Flat 46n,Mark Lodge,Lake Timothy,Derbyshire,FY42 2BJ,029 2018 0745,41,basic,19.13,149,8,,,,,,,,,,,,
505,,Ryan,Holmes-Rogers,Flat 9,Charlene Parkway,Heatherfort,Moray,NN6 7US,1414960431,39,enterprise,28.19,223,8,,,,,,,,,,,,
506,,Christine,Singh,Flat 25,Webster Isle,New Bradley,Shropshire,BL7 4HD,+44(0)113 4960880,51,basic,15.76,177,7,,,,,,,,,,,,
507,Mr,Raymond,Cooper,Flat 87,Farmer Plaza,Georginabury,Kent,CM06 3DW,(0161)4960445,51,pro,25.72,218,10,,,,,,,,,,,,
508,Miss,Claire,Field,Studio 97,Howard Island,New Jordanshire,Norfolk,B52 2YH,(0141) 4960836,43,enterprise,29.32,189,4,,,,,,,,,,,,
509,,Stephanie,Sharp,Flat 03p,Rogers Spurs,Albertfurt,Merseyside,SL6H 9HS,+44(0)1174960691,48,pro,28.63,249,7,,,,,,,,,,,,
510,,Jordan,Wright,561 Russell Lights,,Brayside,Shetland Islands,L0 6TS,+44(0)2074960458,27,pro,26.3,184,8,,,,,,,,,,,,
511,,Carly,Page,Studio 57v,Charles Island,Gemmaborough,West Lothian,ML56 3NT,4.41185E+11,34,basic,15.19,201,10,,,,,,,,,,,,
512,,Kevin,Spencer,1 Butler Stravenue,,Jodieberg,Down,G3H 9YH,+44(0)131 4960260,60,basic,17.54,265,9,,,,,,,,,,,,
513,Dr,Russell,Lucas,Flat 04,Jay Mills,New Arthurside,Essex,BS8N 3HX,4.41215E+11,63,basic,16.05,225,10,,,,,,,,,,,,
514,Miss,Sara,Foster,Studio 13,Webster Inlet,South Darren,Greater Manchester,S1E 8AG,(029) 2018308,49,pro,32.8,197,8,,,,,,,,,,,,
515,Mrs,Michelle,Johnson,36 Barker Branch,,Lake Barbara,Anglesey,GY0 1UG,+44(0)191 4960870,37,pro,26.65,207,7,,,,,,,,,,,,
516,,Russell,Taylor,Flat 5,Smith Walks,West Leanne,East Renfrewshire,W9U 5GY,(0131)4960820,48,basic,18.41,201,9,,,,,,,,,,,,
517,,Victor,Edwards,Flat 77W,Russell Island,East Alexanderfurt,City of Edinburgh,DD2P 1DN,292018333,60,pro,25.41,190,8,,,,,,,,,,,,
518,,Ryan,Oliver,Studio 8,Ferguson Valleys,Carterhaven,Moray,TQ17 0DT,1614960535,49,basic,15.88,219,9,,,,,,,,,,,,
519,,Denise,Harris-Taylor,877 Bernard Vista,,Conorton,Shetland Islands,ME9H 9BH,4.41915E+11,38,basic,16.57,172,7,,,,,,,,,,,,
520,,Joanna,Norton,0 Stewart Expressway,,New Gerardport,Argyll and Bute,N8F 0AA,+44(0)1614960515,48,enterprise,25,152,2,,,,,,,,,,,,
521,,Gareth,Walker,37 Peter Locks,,Bellside,Glasgow City,E1 7DS,(0114) 496 0318,43,basic,18.47,257,10,,,,,,,,,,,,
522,Dr,Gareth,Lynch,Studio 32,Cheryl Locks,West Rebeccaport,Falkirk,B0T 7FX,(028) 9018 0676,45,basic,18.01,205,10,,,,,,,,,,,,
523,Mr,George,Davies,Studio 21W,Wilson Summit,Warnerhaven,Midlothian,TF00 7LW,0808 1570138,50,enterprise,23.17,136,3,,,,,,,,,,,,
524,,Carl,Martin,04 Jones Ferry,,East Lukeburgh,South Yorkshire,E7 6BJ,(0161)4960023,32,basic,16.53,181,10,,,,,,,,,,,,
525,,Hazel,Ford,Studio 39u,Barry Drive,Evansburgh,North Yorkshire,DL9H 8JP,0306 999 0097,58,enterprise,38.64,246,8,,,,,,,,,,,,
526,Dr,Carl,Bruce,Flat 18,Carl Spurs,North Samanthaton,South Lanarkshire,RM5 8LE,+44(0)1514960540,37,basic,15.99,167,7,,,,,,,,,,,,
527,Mrs,Jemma,Brown,Studio 43Z,McDonald Mall,New Pamela,Cambridgeshire,E51 2UA,+441632 960416,42,basic,17.63,187,10,,,,,,,,,,,,
528,,Lorraine,Jones,89 Graham Wells,,East Jadeton,Antrim,L4 1GQ,(020)74960385,31,basic,15.73,159,10,,,,,,,,,,,,
529,Dr,Hugh,Sheppard,6 Hewitt Camp,,Jackfort,Orkney Islands,BA5M 5JF,4.41215E+11,38,basic,18.06,222,9,,,,,,,,,,,,
530,Ms,Gemma,Ward,Flat 81,Ian Harbor,Lake Frederick,Falkirk,W0 8ZE,+44(0)28 9018 0248,48,basic,17.22,213,10,,,,,,,,,,,,
531,,Mohammed,Lewis,Flat 08p,Mann Radial,Oliviamouth,Buckinghamshire,E1C 6JF,(0151) 496 0002,44,enterprise,25,204,2,,,,,,,,,,,,
532,,Rebecca,Smith-White,0 Fiona View,,New Linda,West Berkshire,E16 1EH,+44306 999 0568,44,pro,28.42,165,8,,,,,,,,,,,,
533,,Hayley,Harvey,462 Lisa Ports,,West Leighland,Lancashire,CW5 4FD,+44116 496 0193,49,enterprise,37.03,144,1,,,,,,,,,,,,
534,,Gerald,Flynn,80 Reid Cliffs,,North Samueltown,Scottish Borders,M1 9DL,1914960407,46,basic,18.94,183,7,,,,,,,,,,,,
535,,Victoria,Knight-Morris,Flat 9,Gordon Spur,West Rachel,Greater Manchester,G7C 0DQ,(0116) 4960070,50,basic,19.1,166,8,,,,,,,,,,,,
536,Miss,Georgia,Lloyd,Flat 63D,Julia Points,New Kevinport,Renfrewshire,NP8 1HW,0306 9990380,50,pro,30.57,134,7,,,,,,,,,,,,
537,,Jenna,Smith,91 Nigel Hill,,Lake Jeremymouth,West Yorkshire,G23 5FT,+44(0)808 1570153,52,basic,15.31,165,8,,,,,,,,,,,,
538,Dr,Aaron,Shaw,571 Rees Springs,,Willisburgh,Cardiganshire,DT32 0LW,+44(0)3069990650,48,basic,17.07,207,9,,,,,,,,,,,,
539,Dr,Jordan,Booth,Studio 94h,Daniel Shore,Wilkinsonberg,West Sussex,GY5 0QB,+44(0)808 1570213,43,basic,18.19,208,10,,,,,,,,,,,,
540,,Clare,Collins,2 Jordan Island,,Henryton,Pembrokeshire,SE87 5SE,+44(0)29 2018 0082,47,enterprise,30.97,177,2,,,,,,,,,,,,
541,,Charlene,Ingram,3 Toby Neck,,New Eileen,Cheshire,KA7N 8WA,+44118 4960886,50,pro,28.96,299,9,,,,,,,,,,,,
542,,Gregory,Horton,Studio 21,Hooper Drive,Pamelaton,Falkirk,EC4 1QB,+44113 4960315,44,basic,17.83,206,10,,,,,,,,,,,,
543,,Simon,King,Flat 8,Khan Burg,Port Roger,West Berkshire,M9K 1YG,+44(0)151 496 0052,65,basic,18.25,116,9,,,,,,,,,,,,
544,,Stanley,Pugh,Studio 3,Taylor Forest,New Trevorport,Moray,BH6 5LZ,(0113) 496 0719,51,basic,15.32,134,8,,,,,,,,,,,,
545,,Megan,Brown,Flat 4,Julie Knolls,West Jasonchester,Moray,LS4A 4DE,+44191 496 0722,44,pro,29.93,183,7,,,,,,,,,,,,
546,Dr,Marc,Graham,7 Smith Creek,,Thompsonborough,Fermanagh,HU6 8TY,(01632)960703,73,enterprise,38.78,180,2,,,,,,,,,,,,
547,Dr,Nicholas,Walsh,Studio 01,Donna Field,New Danny,West Dunbartonshire,LU1 0WP,+4429 2018899,42,enterprise,22.89,207,8,,,,,,,,,,,,
548,,Natasha,Henderson,Studio 5,Jacob Cliffs,West Antonymouth,North Lanarkshire,KW4 0PB,0113 4960310,54,basic,19.13,205,9,,,,,,,,,,,,
549,,Charles,Sullivan,Studio 1,Gray Gateway,Seanburgh,Shropshire,S0K 3EH,1414960502,49,basic,19.27,201,9,,,,,,,,,,,,
550,,Natalie,Ward-Watts,25 Clive Coves,,West Stuart,Suffolk,NP4P 1YY,(029)2018297,69,pro,33.44,215,9,,,,,,,,,,,,
551,,Kirsty,Wilson-Barry,50 Barker Groves,,Jasminemouth,Renfrewshire,L7F 9RJ,+44117 496 0235,49,pro,30.82,245,7,,,,,,,,,,,,
552,,Mark,Walker,Flat 0,Janice Stream,Port Iainville,Cleveland,NG95 0RG,(0808) 157 0550,61,basic,17.82,219,10,,,,,,,,,,,,
553,Ms,Kathryn,Thompson,Flat 96,Reynolds Lakes,Waynechester,Oxfordshire,B7 0FT,+44151 496 0056,37,basic,19.91,176,7,,,,,,,,,,,,
554,,Joshua,Williams,Flat 2,Powell Extension,New Joanberg,Perth and Kinross,TQ22 0SY,+44(0)1184960444,38,basic,15.5,102,7,,,,,,,,,,,,
555,Dr,Rachel,Walsh,600 Deborah Terrace,,Lake Kayleigh,Merionethshire,CO52 3LZ,+44(0)29 2018 0237,50,basic,15.54,223,9,,,,,,,,,,,,
556,Mr,Shane,Wright,319 John Wells,,Hughesmouth,Angus,M2 4ZJ,+44(0)114 4960096,42,pro,33.04,236,9,,,,,,,,,,,,
557,Mr,Charlie,Thompson,Flat 7,Davies Plains,West Rebecca,Fermanagh,M5T 8QE,+44(0)1914960886,35,pro,25.08,265,9,,,,,,,,,,,,
558,,Tony,Carter,115 Rosemary Mission,,Adamton,Buckinghamshire,B4 8QN,(0191) 496 0813,58,pro,29.96,194,7,,,,,,,,,,,,
559,,Hannah,Hill,Flat 01W,Murray Shoals,Port Mollyburgh,Clackmannanshire,CB28 4YN,0151 496 0221,54,pro,34.45,173,8,,,,,,,,,,,,
560,,Katherine,Clarke,17 Wilkinson Ramp,,North Damien,Northamptonshire,NN86 3EG,+44115 496 0338,53,enterprise,19.34,143,10,,,,,,,,,,,,
561,Miss,Marian,Riley,24 Skinner Mountains,,Belltown,Monmouthshire,N3 7WS,+44(0)113 496 0895,55,basic,17.16,209,10,,,,,,,,,,,,
562,,Stephanie,Clarke-Freeman,Flat 70,Alexandra Glens,Greenland,Down,M0E 6ZQ,(01632) 960479,37,basic,16.35,181,7,,,,,,,,,,,,
563,,Valerie,Barrett,832 James Pines,,South Mollyborough,Orkney Islands,FK2 7WU,(020) 7496 0364,32,basic,17.14,175,8,,,,,,,,,,,,
564,,Jade,Wright,2 Clarke Ramp,,Darrenberg,Down,G6T 4NB,(0131) 496 0651,30,enterprise,30.04,237,7,,,,,,,,,,,,
565,Ms,Judith,Thomas,Flat 9,Walker Avenue,Lake Bethan,Essex,HG1 9WG,+4429 2018 0100,61,basic,19.98,232,9,,,,,,,,,,,,
566,,Kenneth,Carr,Studio 97,Sian Streets,South Naomiborough,Anglesey,M4A 6FP,(0118)4960976,39,enterprise,29.07,171,7,,,,,,,,,,,,
567,Dr,Deborah,Jones,Flat 2,Dunn Station,Shepherdmouth,South Lanarkshire,B8 0HJ,+44(0)1154960381,39,enterprise,38.39,238,7,,,,,,,,,,,,
568,Dr,Lucy,Cook,01 Victoria Ferry,,North Nicholasport,West Sussex,S46 4WR,(0909) 879 0750,33,enterprise,28.43,269,7,,,,,,,,,,,,
569,,Carole,Brookes,7 Davies Trail,,Natalieland,Hertfordshire,S6E 4QX,(0141) 496 0161,36,pro,34.87,215,8,,,,,,,,,,,,
570,,Antony,Wilson,18 Cameron Road,,Jonestown,Merionethshire,LA5 5GB,(0306) 9990622,45,enterprise,19.46,134,10,,,,,,,,,,,,
571,,Jade,Wilson,Studio 18d,Conor Creek,West Dylanville,Midlothian,M7C 3GL,0161 496 0128,55,basic,16.19,160,8,,,,,,,,,,,,
572,,Gary,Lawrence-Morgan,Studio 2,Emma Neck,East Leanneburgh,Flintshire,W8 4FZ,+44(0)20 7496 0476,50,enterprise,22.75,156,4,,,,,,,,,,,,
573,,Debra,Foster,Studio 73W,Francis Court,Shannonfort,Aberdeen City,WF3W 5AE,4.41145E+11,48,pro,33.57,180,7,,,,,,,,,,,,
574,,Stacey,Barry,5 Bailey Viaduct,,Whittakermouth,Hampshire,DG97 3UF,+4429 2018815,52,pro,26.2,288,10,,,,,,,,,,,,
575,,Albert,Saunders,9 Ricky Causeway,,Evansside,Tyrone,TN1M 8HY,0113 4960680,48,pro,32.22,176,8,,,,,,,,,,,,
576,Dr,Catherine,Nelson,Flat 0,Shaw Heights,North Elizabethshire,Suffolk,G11 0XA,+44(0)151 496 0908,36,basic,17.42,260,10,,,,,,,,,,,,
577,,Marilyn,Douglas,8 Kelly Forest,,Sharonside,Cleveland,WA22 1GY,(029) 2018254,53,basic,16.06,225,9,,,,,,,,,,,,
578,,Jeremy,Smith-Welch,3 Brown Fields,,Markshire,Carmarthenshire,N0 2AE,(0113) 4960927,49,basic,15.69,214,9,,,,,,,,,,,,
579,Dr,Damian,Austin,Studio 46H,Charlene Gardens,Allenburgh,Renfrewshire,TD28 3PY,(0117) 4960737,40,pro,26.53,248,7,,,,,,,,,,,,
580,,Nicola,King,821 Scott Centers,,Hilaryfurt,Glasgow City,ME1A 7RH,+44(0)292018852,31,basic,17.59,199,10,,,,,,,,,,,,
581,Dr,Jeffrey,Brown,3 White Coves,,Sheilamouth,Greater London,B8 9BD,1134960847,53,basic,16.87,244,9,,,,,,,,,,,,
582,,Sheila,Russell,Flat 35w,Taylor Ranch,Webbborough,Eilean Siar,B48 4QL,+44(0)1632 960 807,87,basic,15.35,179,7,,,,,,,,,,,,
583,Ms,Maria,Bull,673 Gilbert Trafficway,,North Rebecca,Warwickshire,W8 8WS,+44(0)191 4960190,47,basic,19.49,161,8,,,,,,,,,,,,
584,,Bryan,Harris,217 Leigh Ridge,,North Sophie,North Yorkshire,CA9 0RZ,+44116 496 0336,41,enterprise,38.97,215,4,,,,,,,,,,,,
585,Mr,Malcolm,Wilkinson,060 Cross Prairie,,Russellshire,Somerset,N9 7DZ,(0161)4960448,57,pro,27.64,180,7,,,,,,,,,,,,
586,,Douglas,Dixon,841 Dylan Plains,,Clarketon,Down,LA7 7LJ,0808 1570262,48,enterprise,39.57,220,7,,,,,,,,,,,,
587,,Abigail,Brown,Flat 30,Rowley Corners,North Rachelton,Hertfordshire,CT8W 3PH,+44(0)808 1570831,32,basic,17.63,247,10,,,,,,,,,,,,
588,Mr,Ronald,Shepherd,Flat 50A,Ronald Hollow,Annfurt,Shropshire,S6T 7ET,+44(0)1314960443,53,enterprise,26.21,218,1,,,,,,,,,,,,
589,,Teresa,Jones,21 Graham Orchard,,North Angelaview,Down,HP0H 0YA,+44(0)29 2018653,57,basic,15.73,189,7,,,,,,,,,,,,
590,Mr,Andrew,Andrews,Flat 84,Cooper Fort,Port Victoriatown,Nottinghamshire,L00 1ZG,1174960510,54,basic,18.98,211,9,,,,,,,,,,,,
591,,Lee,Saunders,Flat 21,Maurice Centers,Lake Sandraburgh,Anglesey,N6T 6YD,+44(0)289018786,38,enterprise,27.82,260,7,,,,,,,,,,,,
592,,Albert,Kemp-Sullivan,Flat 90,Watts Keys,Port Michael,Breconshire,L0 1BY,+44118 496 0523,45,enterprise,29.22,220,7,,,,,,,,,,,,
593,,Abbie,Hall,Flat 31,Middleton Coves,South Charlie,North Ayrshire,B7G 1LT,+44(0)306 999 0065,36,pro,28.38,228,10,,,,,,,,,,,,
594,Ms,Valerie,Mitchell,Flat 29y,Russell Valleys,South Maria,Monmouthshire,M9C 0DJ,+44116 4960179,31,pro,28.79,200,8,,,,,,,,,,,,
595,Dr,Philip,Dobson,Flat 5,Cameron Shoal,South Graceberg,Eilean Siar,S6K 4GY,+44(0)28 9018 0306,50,basic,17.11,259,10,,,,,,,,,,,,
596,,Bruce,Haynes,8 Abdul Plaza,,Hopkinsshire,Lancashire,W9 9LP,4.4307E+11,33,pro,32.9,166,7,,,,,,,,,,,,
597,,Nicole,Cooke,Studio 2,Graeme Trafficway,Mohamedtown,Cheshire,S83 6TA,3069990753,51,basic,15.71,236,10,,,,,,,,,,,,
598,,Jack,Marsh,Flat 5,Howells Hollow,Port Francescashire,Highland,LS1X 8GH,+4429 2018 0926,54,pro,30.4,200,8,,,,,,,,,,,,
599,,Kim,Burgess,0 Melanie Valleys,,Lukechester,Essex,G08 1XP,(0161) 496 0566,53,enterprise,37.78,171,5,,,,,,,,,,,,
600,,Jacqueline,Hutchinson,112 Cheryl Bypass,,West Jeffreystad,Cardiganshire,SM5W 0LG,+44(0)191 4960096,47,pro,31.65,254,9,,,,,,,,,,,,
601,,Clive,Atkinson,6 Greenwood Harbor,,Gillmouth,Renfrewshire,B7 6BW,+44(0)1214960176,40,pro,31.11,227,8,,,,,,,,,,,,
602,,Danny,White,01 James Pass,,Brettstad,Perth and Kinross,M85 3YA,028 9018608,43,pro,28.51,297,9,,,,,,,,,,,,
603,Dr,Ashley,Evans,Flat 21I,Martyn Mountain,East Benjaminmouth,City of Edinburgh,N9B 4FR,292018288,50,pro,26.27,309,8,,,,,,,,,,,,
604,,Danielle,Hardy,6 Judith Spurs,,Haynesberg,East Renfrewshire,NG7 5QT,4.4307E+11,38,pro,26.43,218,10,,,,,,,,,,,,
605,,Gemma,Parry,8 Vaughan Vista,,Lake Heatherton,Derbyshire,GY6 0PU,+44(0)8081570835,51,pro,30.42,277,10,,,,,,,,,,,,
606,,Frances,Matthews,Studio 7,Stephanie Ridge,Robertsfort,Down,CR52 7UJ,(0191)4960037,46,pro,31.26,243,7,,,,,,,,,,,,
607,,Glen,Gray,Flat 09,Duffy Manor,Aaronburgh,Cumbria,E2 1LP,+44(0)1164960001,53,enterprise,21.97,229,5,,,,,,,,,,,,
608,Miss,Andrea,Smith,51 Taylor Island,,Port Graham,Aberdeen City,B2T 6GY,+44(0)1134960521,54,enterprise,26.72,198,2,,,,,,,,,,,,
609,,Kathryn,Thomas-Franklin,Studio 11x,Mills Street,New Alexanderchester,South Yorkshire,S80 5EU,4.41135E+11,40,basic,18.39,249,9,,,,,,,,,,,,
610,Mr,Brandon,Reynolds,9 Kelly Grove,,Carolineside,Glamorgan,L70 0EF,1184960482,55,enterprise,23.61,209,8,,,,,,,,,,,,
611,,Denis,Scott,Flat 41,Deborah Common,O'Brienton,West Sussex,GL7A 3TS,1174960066,58,basic,15.27,253,10,,,,,,,,,,,,
612,,Joanne,Parker,Flat 6,Woods Stravenue,West Teresaton,Northamptonshire,CA6B 0YP,+44(0)114 496 0749,37,basic,17.52,210,10,,,,,,,,,,,,
613,,Brenda,Mills,Studio 33,Hayes Greens,East Jakefort,Dorset,RH3W 9RG,0131 496 0595,41,basic,18.73,139,7,,,,,,,,,,,,
614,Ms,Aimee,Naylor,524 Roger Ports,,Lake William,East Renfrewshire,E47 0TF,+44(0)1914960404,44,basic,18.83,179,10,,,,,,,,,,,,
615,,Conor,Morris,Flat 0,Lawrence View,New Maureenburgh,Inverclyde,W2 2TG,(0113) 496 0302,41,basic,17.85,205,10,,,,,,,,,,,,
616,,Andrew,Wells-Robinson,81 Joanna Islands,,East Abbietown,Essex,M8F 0DL,0161 4960814,38,pro,33.85,148,4,,,,,,,,,,,,
617,Miss,Diane,Johnson,Flat 1,Samuel Rapids,Melissaburgh,South Ayrshire,UB0 7UX,+44161 496 0589,57,basic,17.64,233,9,,,,,,,,,,,,
618,Dr,Stephen,Ahmed,1 Wright Gardens,,Sylviabury,Highland,AL66 7DH,(0114) 4960983,52,enterprise,33.48,227,7,,,,,,,,,,,,
619,,Sarah,Ahmed,797 Parker Mountains,,Smithhaven,Gloucestershire,CR7 4UQ,+44(0)28 9018911,33,basic,18.69,192,10,,,,,,,,,,,,
620,,Susan,Field-Wilson,395 Williams Fords,,New Tonymouth,City of Edinburgh,OL3 9NH,4.41155E+11,53,enterprise,32.24,165,1,,,,,,,,,,,,
621,Miss,Kim,Robinson,3 Howells Rapid,,Marianland,North Yorkshire,B4A 0JN,+44(0)114 496 0446,41,pro,27.58,178,8,,,,,,,,,,,,
622,,Linda,Williams,Studio 04w,Hayley Islands,Lake Marieside,Glasgow City,DA3 2TA,0117 4960354,45,basic,16.09,212,9,,,,,,,,,,,,
623,,Naomi,Begum,06 Stevens Burg,,Port Michelle,Falkirk,BD29 9BU,+44(0)191 496 0043,45,basic,18.88,184,8,,,,,,,,,,,,
624,,Vanessa,Wood,29 Jacqueline Mountains,,Roychester,Cornwall,E74 1EH,4.4307E+11,37,basic,17.18,210,10,,,,,,,,,,,,
625,,Tom,Swift,8 Eric Flats,,South Max,Denbighshire,IV9P 9UZ,+44808 157 0658,42,basic,17,219,10,,,,,,,,,,,,
626,,Stephen,Smith,Flat 7,Mann Roads,Freemanstad,Glasgow City,NN5A 8NW,(0121) 496 0913,56,enterprise,24.26,167,7,,,,,,,,,,,,
627,Mrs,Melissa,Woods,Studio 84,Oliver Terrace,Suttonville,Northamptonshire,EC5 8FN,+44(0)1314960737,41,pro,34.65,160,8,,,,,,,,,,,,
628,,Amelia,Matthews-Knight,3 Yvonne Land,,Joannafurt,Derry and Londonderry,N4E 8WQ,4.41915E+11,47,enterprise,20.88,197,8,,,,,,,,,,,,
629,,Simon,Mann,Flat 05,Barlow Flat,Jarvishaven,Dorset,PE2 0NR,0121 4960946,46,enterprise,33.01,201,8,,,,,,,,,,,,
630,,Stanley,Thomas,982 Rita Junction,,Leonview,Suffolk,BH7 1UJ,+44191 496 0132,32,pro,26.71,195,7,,,,,,,,,,,,
631,,Victor,Rhodes,Flat 0,Jayne Forges,Jacksonville,Glamorgan,RH2 8DT,029 2018 0848,47,basic,17.74,253,9,,,,,,,,,,,,
632,,Charlotte,Thompson,992 Dunn Alley,,South Nathan,West Berkshire,M8 4AA,(0114)4960369,58,basic,15.78,208,10,,,,,,,,,,,,
633,,Callum,Smith,46 Jay Square,,Iqbalmouth,Renfrewshire,S4 4UX,+44(0)306 9990729,39,basic,16.2,273,10,,,,,,,,,,,,
634,,Mark,Rogers,156 Hart Estate,,East Samanthachester,Tyrone,ZE78 7EL,(0808) 157 0330,31,pro,31.9,215,8,,,,,,,,,,,,
635,,Ben,Warren,35 Debra Overpass,,North Claire,Angus,W92 5FD,4.41633E+11,53,enterprise,30.58,134,3,,,,,,,,,,,,
636,,Derek,Turner,Studio 4,Jemma Mews,South Amber,Down,M55 0UW,8081570016,43,pro,33.34,229,8,,,,,,,,,,,,
637,,Alex,Thompson,42 Hope Junction,,Lake Teresa,Warwickshire,S96 6YS,1184960716,55,enterprise,26.22,108,1,,,,,,,,,,,,
638,,Christopher,Griffiths,Studio 53p,Josephine Locks,Nixonmouth,Essex,S13 8XY,01632 960 092,43,basic,19.39,186,7,,,,,,,,,,,,
639,,Julie,Smith,Flat 38,Paul Mountains,Tonyview,Glamorgan,S27 8NE,4.4307E+11,47,enterprise,27.76,121,2,,,,,,,,,,,,
640,Dr,Josephine,Jones,8 Williams Crossing,,Seanstad,Warwickshire,EC4V 7LX,4.48082E+11,44,enterprise,20.31,180,3,,,,,,,,,,,,
641,,Beverley,Morris,Studio 38p,Beth Pine,Lake Kimberleychester,Worcestershire,G9 1US,0808 1570568,49,basic,18.56,124,7,,,,,,,,,,,,
642,,Martyn,Phillips,Flat 99B,Morgan Valleys,South Nicoleborough,Glasgow City,M96 9UT,0116 4960686,44,enterprise,19.96,225,10,,,,,,,,,,,,
643,,Rachel,Williams,71 Barry Rest,,Port Ritaside,East Renfrewshire,E3A 8SX,(0161) 4960669,47,enterprise,27.43,221,8,,,,,,,,,,,,
644,,Stephanie,Cole-Cooper,Studio 64,Ball Crescent,Ryanfort,Glasgow City,CA7P 6AY,4.41415E+11,59,pro,30.92,220,9,,,,,,,,,,,,
645,,Howard,Morgan,Studio 91E,Day Loop,North Scotthaven,West Lothian,B4G 6FR,+44(0)191 496 0684,52,basic,15.58,140,7,,,,,,,,,,,,
646,Ms,Sian,Pearce,0 Jamie Turnpike,,Lake Martyn,Highland,HG50 4RN,(0808) 1570900,36,basic,17.24,173,9,,,,,,,,,,,,
647,,Carol,Hall,Studio 0,Carly Ports,Jonesside,Lincolnshire,LD47 5NN,(01632) 960403,59,basic,19.28,200,7,,,,,,,,,,,,
648,,Sally,Bailey-Murphy,Studio 5,Jake Ridges,Malcolmhaven,Perth and Kinross,WV1 0XE,(029)2018715,31,basic,18.3,187,8,,,,,,,,,,,,
649,,Mark,Clark-Robson,610 Stephanie Path,,Lake Frank,East Lothian,NR91 8NL,+44(0)116 496 0013,65,basic,16.78,139,7,,,,,,,,,,,,
650,Mrs,Heather,Wilkinson,Studio 15u,Clifford Stravenue,East Leeside,West Yorkshire,TW2A 2SR,0114 4960665,46,enterprise,23.64,195,5,,,,,,,,,,,,
651,,Jack,Williamson,Flat 7,Pearson Parkway,Dennisborough,Glasgow City,M61 3YW,+44(0)115 4960119,45,enterprise,18.47,232,10,,,,,,,,,,,,
652,,Heather,Riley,523 Harry Ville,,Wrightview,West Dunbartonshire,W3J 3LG,1154960833,40,enterprise,28.23,252,8,,,,,,,,,,,,
653,,Lynn,Brown,85 Harrison Branch,,Kingchester,Cumbria,GY1 9GB,0121 496 0188,54,basic,17.06,211,9,,,,,,,,,,,,
654,Mr,Mohammed,Harrison,356 Clare Junctions,,Scottmouth,Durham,G70 9FN,+44121 4960898,69,pro,26.11,181,8,,,,,,,,,,,,
655,,Duncan,Hughes,5 Brandon Run,,Batesview,East Sussex,TD8 7DJ,(029) 2018 0206,25,pro,31.97,169,7,,,,,,,,,,,,
656,,Lesley,Pritchard,25 Smith Plains,,Stephensborough,Scottish Borders,W19 0DF,0191 4960252,39,enterprise,35.83,196,7,,,,,,,,,,,,
657,,Janice,Wilson,5 Chloe Courts,,Denisestad,Carmarthenshire,L8 5XU,1914960453,39,basic,19.89,205,10,,,,,,,,,,,,
658,,Toby,Price,Flat 90,Gillian Points,New Emilyshire,Falkirk,OX7R 4BB,+44(0)28 9018512,44,pro,31.47,184,7,,,,,,,,,,,,
659,Ms,Hazel,Carr,Flat 66,Jade Crescent,Port Gerald,Orkney Islands,ZE7V 7RJ,020 74960457,44,enterprise,33.99,200,1,,,,,,,,,,,,
660,,Michelle,Ali,776 John Run,,Dawnstad,Anglesey,WA14 2NX,+44(0)1214960190,47,basic,15.95,212,10,,,,,,,,,,,,
661,,Jane,Welch,5 Bennett River,,Barryport,North Yorkshire,AB6 4DF,(020)74960326,34,pro,34.88,239,9,,,,,,,,,,,,
662,,Stacey,Ball,Studio 07,Smith Place,Alanhaven,Hertfordshire,HS79 0LU,4.49099E+11,56,enterprise,29.4,274,8,,,,,,,,,,,,
663,,Pamela,Hammond,Studio 46f,Eric Port,Lake Molly,Fermanagh,B0A 7GY,4.41515E+11,48,pro,27.75,254,7,,,,,,,,,,,,
664,Mr,Mark,West,Flat 10j,Justin Wells,West Sylvia,West Sussex,G2B 6DL,(029) 2018 0730,38,basic,19.98,233,10,,,,,,,,,,,,
665,Mr,Sean,Hammond,Flat 54R,Michael Plains,Keithstad,Northumberland,BN80 3BF,+44131 496 0092,46,basic,17.16,189,10,,,,,,,,,,,,
666,,Ashley,Collins,Flat 45Y,Duncan Gardens,North Martyn,Scottish Borders,PR77 9EA,(0191) 4960332,47,basic,17.94,208,10,,,,,,,,,,,,
667,Dr,Gavin,May,Flat 0,Stephen Wells,West Katieshire,Angus,L1 0PB,(0121)4960657,41,basic,15.53,249,10,,,,,,,,,,,,
668,,Kevin,Barnett,67 Marilyn Rapids,,Marcmouth,Cardiganshire,CB83 1GR,+44117 496 0447,45,pro,29.53,114,8,,,,,,,,,,,,
669,,Mark,Archer,Studio 07B,Connolly Islands,West Carolynville,West Dunbartonshire,N6D 2JG,0191 4960097,58,basic,16.46,218,10,,,,,,,,,,,,
670,,Daniel,Turner-Turner,Flat 16L,James Isle,Jaketon,Denbighshire,NG58 1XP,+44(0)306 999 0100,37,pro,27.72,106,4,,,,,,,,,,,,
671,Mr,James,Johnston,Studio 16,Sophie Inlet,Osbornehaven,Aberdeenshire,TW0R 5UG,(0141) 4960067,58,enterprise,35.98,248,8,,,,,,,,,,,,
672,Dr,Connor,Lawrence,47 Danielle Shoals,,Lake Caroline,Northamptonshire,E05 0BB,1314960176,57,basic,16.22,198,9,,,,,,,,,,,,
673,,Melissa,Horton,Flat 5,Stephens Vista,East Shannon,Tyne and Wear,WN5 7WB,+44(0)29 2018 0101,51,pro,27.05,253,9,,,,,,,,,,,,
674,,Darren,Turner,Studio 63,Amanda Village,Burgessstad,Northumberland,W6G 8XA,(0116) 4960675,42,basic,18.55,210,10,,,,,,,,,,,,
675,,Julian,Stephens,Flat 9,Iain Prairie,West Kevin,Stirling,L7G 8QF,+44118 4960931,40,basic,17.98,182,9,,,,,,,,,,,,
676,,Alan,Powell,Flat 93,Smith Creek,North Nicholas,Monmouthshire,W5B 7LR,+44118 4960600,36,pro,28.71,196,8,,,,,,,,,,,,
677,,Dylan,Vincent,15 Charles Stravenue,,Danielleport,West Berkshire,S87 8SB,(01632) 960393,48,basic,18.65,275,9,,,,,,,,,,,,
678,,Gerard,Wood,Studio 87,Michelle Junctions,New Maxstad,West Midlands,TF2H 9JU,0121 4960326,46,basic,16.53,238,10,,,,,,,,,,,,
679,Mr,Roy,Simpson,87 Rowe Summit,,Joannachester,Anglesey,E5G 5SE,+44(0)29 2018234,40,basic,15.9,139,7,,,,,,,,,,,,
680,,Marilyn,White,Studio 0,Kerr Crossroad,East Leonardmouth,Breconshire,ME5 6LN,4.42075E+11,48,pro,26.78,182,8,,,,,,,,,,,,
681,,Jeremy,Martin,5 Thompson Road,,East Geoffrey,West Lothian,SG2W 4LB,8081570450,31,basic,19,287,9,,,,,,,,,,,,
682,Dr,Joshua,Ryan,Flat 85A,Peter Islands,North Lynnberg,Renfrewshire,B14 0EG,8081570401,34,basic,15.05,217,10,,,,,,,,,,,,
683,,Malcolm,Smith,75 Carter Point,,Morganburgh,Aberdeenshire,S7E 5TR,(0191) 4960747,49,basic,17.09,212,9,,,,,,,,,,,,
684,,Alison,Anderson,2 Freeman Unions,,Valerieberg,North Yorkshire,W21 6DZ,+44(0)1632 960473,36,pro,30.3,198,7,,,,,,,,,,,,
685,Dr,Kyle,Gallagher,Studio 3,Wendy Trafficway,South Maureenhaven,Gloucestershire,SP23 1XE,4.49099E+11,49,pro,25.86,288,9,,,,,,,,,,,,
686,Mr,Terence,Palmer,68 Cameron Manor,,South Valerieview,East Renfrewshire,SL1 4TQ,+44306 9990167,44,basic,16.57,198,7,,,,,,,,,,,,
687,Ms,Joan,Leach,Flat 1,Smith Vista,Zoemouth,Wiltshire,E1 7YA,+44(0)1632960523,34,basic,16.7,172,7,,,,,,,,,,,,
688,,Adrian,Kaur,8 Elizabeth Knoll,,North Kieranfurt,Moray,BD7Y 7QL,2074960284,51,basic,17.82,146,7,,,,,,,,,,,,
689,Dr,Tony,Metcalfe,Flat 0,Jacqueline Road,East Danny,Tyrone,G5K 6ET,+44(0)1632 960 299,58,pro,30.22,237,9,,,,,,,,,,,,
690,,Zoe,Hughes,6 Davis Junctions,,Mannington,North Yorkshire,HG4 3LF,+44(0)306 9990854,46,basic,17.94,223,9,,,,,,,,,,,,
691,,Mitchell,Jackson,77 Cameron Mount,,Ameliastad,Northumberland,HR51 2XA,0113 4960905,59,basic,17.39,196,9,,,,,,,,,,,,
692,,Kieran,Brown,90 Morris Extension,,Lake Ashleigh,Clackmannanshire,CM94 5ZB,029 2018500,54,enterprise,24.35,250,1,,,,,,,,,,,,
693,,Barbara,Howe,Flat 3,Lee Parkways,Lake Barry,Cardiganshire,E27 1FN,+44113 496 0909,43,basic,17.65,232,10,,,,,,,,,,,,
694,,Kevin,Turner,684 Robinson Square,,Alanberg,Kent,N4E 9WN,+44(0)306 999 0485,39,enterprise,39.65,182,2,,,,,,,,,,,,
695,,Irene,Savage,Studio 93,Reeves Valley,Jamieview,Moray,LS94 6BH,0161 496 0913,42,basic,17.82,156,7,,,,,,,,,,,,
696,,Jonathan,Pearson,055 Christian Coves,,Turnerton,Bedfordshire,S32 6BY,1514960287,51,pro,25.75,203,10,,,,,,,,,,,,
697,,Sarah,Rogers,Flat 6,King Courts,Lydiaborough,Caernarvonshire,CB32 4JF,(0909)8790483,40,basic,16.62,134,7,,,,,,,,,,,,
698,,Rhys,Pickering,Studio 00,Annette Creek,Kimberleychester,West Sussex,L9T 8AE,1144960611,47,basic,18.99,188,7,,,,,,,,,,,,
699,Mr,Richard,Riley,Studio 7,Lindsey Roads,Danielleberg,Lancashire,NG82 3XY,(0114)4960762,33,basic,19.45,126,9,,,,,,,,,,,,
700,Dr,Clifford,Bell,Flat 4,Gerard Street,West Lynn,Scottish Borders,E2C 8GL,+441632 960 820,42,basic,19.42,223,9,,,,,,,,,,,,
701,,Shannon,Jones,33 Stanley Summit,,New Pamelaview,Somerset,M8C 6DE,+44118 4960289,41,basic,15.31,197,10,,,,,,,,,,,,
702,,Jason,Ingram,Flat 83B,Williams Extensions,Graemeview,South Ayrshire,WN80 8JL,+44(0)1514960897,51,enterprise,39.83,195,4,,,,,,,,,,,,
703,,Michael,Sharpe,Studio 3,Lord Views,Katyborough,Cheshire,M64 7YX,4.41315E+11,50,basic,18.87,208,10,,,,,,,,,,,,
704,,Stephen,Fry,Studio 85S,Dean Estate,Katherineview,Glasgow City,E46 2TS,+44(0)1214960717,45,basic,17.52,265,10,,,,,,,,,,,,
705,,Christian,Mann,776 White Brook,,South Fredericktown,Durham,L32 4XS,+44(0)113 496 0397,40,basic,15.04,208,10,,,,,,,,,,,,
706,,Lindsey,Richardson-Bibi,39 Roberts Courts,,Victormouth,Cambridgeshire,HG72 7YJ,01632 960 318,45,basic,18.93,269,9,,,,,,,,,,,,
707,,Jason,Barker,Studio 9,Roberts Pike,Lake James,East Dunbartonshire,M8H 9FP,(0909) 8790116,47,basic,15.59,205,10,,,,,,,,,,,,
708,Dr,Paul,Humphreys,1 Gould Parkway,,Port Lauraton,Highland,PL9E 4XG,+44(0)28 9018 0805,53,pro,33.32,158,8,,,,,,,,,,,,
709,,Samantha,Leach-Ashton,Studio 21,Terry Pines,Rebeccaland,Denbighshire,E99 2XW,(0191)4960861,54,basic,17.37,212,10,,,,,,,,,,,,
710,,Russell,Griffiths,2 Johnson Bypass,,Jonesburgh,Kent,SK9E 1AL,(0114) 4960806,46,basic,19.09,242,10,,,,,,,,,,,,
711,,Stewart,Dean,Studio 90,Mohamed Shoals,Bryantown,Warwickshire,W9J 5ND,4.41155E+11,42,basic,15.18,140,8,,,,,,,,,,,,
712,Ms,Carol,Mitchell,Flat 66E,Jennifer Crescent,Johnstonland,Breconshire,S25 0UE,+44306 999 0069,43,basic,18.8,289,10,,,,,,,,,,,,
713,,Dean,Price,Studio 5,Gregory Common,Jakeport,Worcestershire,SO93 7QQ,+44(0)1154960983,44,enterprise,19.59,207,8,,,,,,,,,,,,
714,Ms,Ruth,Hall,Studio 1,Davies Groves,Lake Mohammedborough,Worcestershire,G4 1XZ,1154960793,44,enterprise,26.5,244,7,,,,,,,,,,,,
715,,Jordan,Smith,58 Davidson Manor,,West Stephanie,Cambridgeshire,LA9A 2UA,+44(0)20 7496 0513,39,enterprise,30.61,125,3,,,,,,,,,,,,
716,,Charlene,Knight,77 Parry Highway,,North Glenn,Warwickshire,M2 5DP,+44(0)113 496 0233,54,basic,19.08,148,7,,,,,,,,,,,,
717,,Elaine,Smith-Butler,064 Gavin Hollow,,Kerrchester,Northamptonshire,E0E 4YX,(0115)4960185,40,basic,19.95,148,7,,,,,,,,,,,,
718,,Wendy,King,11 Michael Motorway,,Owenshaven,Tyrone,N1U 8SU,+44141 4960535,44,basic,18.4,200,9,,,,,,,,,,,,
719,,Matthew,Herbert-Harrison,341 Foster Pines,,Hazelchester,Denbighshire,S7B 4NP,(029) 2018 0775,21,basic,18.64,245,9,,,,,,,,,,,,
720,,Carly,Stevenson,Flat 56,Barker Summit,Stewartfort,Cambridgeshire,L9T 7JB,(0114) 4960647,18,basic,17.21,224,9,,,,,,,,,,,,
721,,Alice,Gibson,889 Douglas Park,,North Suzanneberg,Cheshire,B20 2RP,020 74960887,65,basic,17.44,264,9,,,,,,,,,,,,
722,,Holly,Barton,809 Oliver Creek,,Walshland,Hertfordshire,NR5N 4RA,+441632 960434,36,basic,15.23,180,7,,,,,,,,,,,,
723,,Lesley,Edwards,7 Murphy Crossroad,,Hallstad,East Lothian,NP6 1BJ,4.41175E+11,43,basic,17.77,207,10,,,,,,,,,,,,
724,,Dennis,Young,Studio 19s,Neil Shoals,South Carolyn,South Ayrshire,E6W 2RT,4.48082E+11,30,basic,17.91,196,9,,,,,,,,,,,,
725,,Margaret,Boyle,Flat 31W,Hughes Trail,Woodland,Inverclyde,N02 4RF,+44306 999 0798,48,enterprise,29.36,248,4,,,,,,,,,,,,
726,Mr,Roger,Jones,607 Benjamin Walks,,Daviesmouth,Staffordshire,N8 3LP,0118 4960642,75,enterprise,33.36,223,8,,,,,,,,,,,,
727,,Jessica,Adams,981 Tony Mews,,Ryanport,City of Edinburgh,NW85 0QU,020 74960712,34,basic,17.89,236,9,,,,,,,,,,,,
728,,Joyce,Evans,Studio 4,Shirley Mountain,Jamesmouth,Cambridgeshire,B6 1LS,0909 8790491,41,basic,15.08,107,9,,,,,,,,,,,,
729,,Henry,Hamilton,8 Moore Views,,Robertsside,West Berkshire,SW9B 6EJ,4.41315E+11,39,pro,26.18,192,7,,,,,,,,,,,,
730,,Katherine,Lucas,01 Bell Bypass,,Sianland,Orkney Islands,NN06 9EW,(0115)4960100,30,pro,27.32,212,7,,,,,,,,,,,,
731,,Marcus,Allen,Studio 29N,Jones Brooks,Samchester,Bedfordshire,SM70 9HY,+44131 496 0093,48,basic,18.79,199,8,,,,,,,,,,,,
732,,Pauline,Barrett,Studio 48i,Hannah Shoal,West Alison,Cleveland,L04 6XF,0306 9990820,34,pro,33.66,197,7,,,,,,,,,,,,
733,,Debra,Smith,43 Spencer Dale,,Mahmoodville,Down,M94 9WF,(01632) 960 004,50,basic,19.47,136,7,,,,,,,,,,,,
734,,Dorothy,Smith,Studio 9,Aaron Stravenue,Lake Beverley,Derry and Londonderry,W77 3RJ,+44808 157 0061,29,basic,19.83,183,7,,,,,,,,,,,,
735,Mr,Joe,Garner,0 Hall Dam,,Smithland,Nottinghamshire,N2 1JL,+44113 496 0181,34,basic,18.78,190,9,,,,,,,,,,,,
736,,Hayley,Anderson,Studio 7,Lisa Bridge,Lukeborough,South Yorkshire,HP4H 7UH,1144960574,49,basic,16.03,189,7,,,,,,,,,,,,
737,,Kieran,Griffin,14 Gray Ridges,,West Leonview,Highland,E9E 3HL,(0131)4960812,32,enterprise,21.09,185,3,,,,,,,,,,,,
738,,Natalie,Hughes,62 Ali Junction,,Wilsontown,Essex,GL1 6QD,01632 960843,55,pro,33.75,168,8,,,,,,,,,,,,
739,Dr,Malcolm,Edwards,111 Davies Fields,,East Kimberleystad,Norfolk,W8S 8BG,(0118) 496 0178,45,pro,25.44,207,8,,,,,,,,,,,,
740,,Martin,Potts-Brown,293 Pritchard Fall,,North Gillian,Merionethshire,S98 9DP,+44(0)8081570551,61,basic,17.31,233,9,,,,,,,,,,,,
741,,Holly,Clarke,9 Humphries Fort,,East Hilary,Kent,WC9 7HR,0161 496 0488,42,pro,30.75,289,7,,,,,,,,,,,,
742,,Diana,Lewis,Studio 3,Carter Street,Lake Leslieton,Devon,EN60 2LE,+44(0)808 157 0777,59,pro,30.94,161,8,,,,,,,,,,,,
743,,Cheryl,Douglas,01 Smith Station,,Davisview,Kent,B99 1HB,4.41315E+11,40,enterprise,24.2,198,7,,,,,,,,,,,,
744,Mrs,Jenna,Lee,1 Bruce Orchard,,Eileenshire,Caernarvonshire,DD0P 9FQ,+44(0)113 496 0800,42,enterprise,20.16,235,7,,,,,,,,,,,,
745,,Lauren,Cooper,Studio 1,Lucy Highway,New Charles,Dundee City,S52 2HN,44292018826,58,pro,34.24,160,8,,,,,,,,,,,,
746,,Rosemary,McDonald,Studio 58L,Taylor Heights,East Hannahhaven,Eilean Siar,ME22 8TR,1314960757,40,basic,15.93,193,8,,,,,,,,,,,,
747,,Sylvia,Smith,98 Philip Camp,,Port Catherinefort,Derry and Londonderry,B70 0SG,0131 4960902,39,basic,18.35,201,10,,,,,,,,,,,,
748,Dr,Samuel,Wright,Flat 8,Roberts Rapid,South Chloe,Fife,M1B 6LF,(0118) 4960696,47,pro,32.13,222,7,,,,,,,,,,,,
749,Dr,Leonard,Potter,82 Heather Flat,,Jillberg,North Yorkshire,L2J 0AZ,0114 4960857,43,basic,18.67,229,9,,,,,,,,,,,,
750,,Anthony,Thomas,76 Deborah Lane,,Port Shirleyshire,Dundee City,HX5 1UY,0115 496 0786,31,pro,26.42,210,9,,,,,,,,,,,,
751,,David,Briggs,Studio 4,Potter Stravenue,West Marc,Antrim,JE36 9BA,1514960426,52,basic,15.45,187,8,,,,,,,,,,,,
752,,Graham,Dyer,5 Leigh Fall,,West Maurice,Inverclyde,BA8E 5GG,0118 496 0860,54,pro,33.35,150,8,,,,,,,,,,,,
753,,Dawn,Lyons,Studio 74g,Sharpe Road,McCarthyport,Buckinghamshire,SK2R 7YF,(0113) 496 0721,38,basic,17.45,304,10,,,,,,,,,,,,
754,Mrs,Olivia,Smith,Studio 73,Wyatt Drives,New Mandy,Aberdeenshire,W0G 9HN,+44131 496 0860,51,basic,16.97,279,9,,,,,,,,,,,,
755,Miss,Paula,Smith,373 Scott Parkways,,New Jameston,Norfolk,PH96 3HX,+44118 496 0777,40,enterprise,22.48,130,3,,,,,,,,,,,,
756,,Joanne,O'Brien,043 Cox Cove,,East Claire,Cheshire,DD0 0XW,+44(0)292018433,39,basic,16.88,172,8,,,,,,,,,,,,
757,Ms,Joanne,Gould,Flat 2,Pritchard Corners,North Joeshire,Surrey,EN8 7TS,1214960671,51,enterprise,22.47,247,7,,,,,,,,,,,,
758,,Heather,Miller,385 Adam Well,,Gardinershire,West Dunbartonshire,N38 4QS,028 9018126,33,enterprise,29.24,216,7,,,,,,,,,,,,
759,,Kayleigh,Bird,Studio 13Z,Ross Ports,Ballborough,West Yorkshire,DN4 2JY,(0161)4960812,46,pro,30.66,174,7,,,,,,,,,,,,
760,,Jayne,Kennedy-Parkinson,76 Taylor Tunnel,,West Sharonland,West Midlands,SP51 1TE,0116 4960232,48,basic,15.9,226,10,,,,,,,,,,,,
761,,Sarah,Reid,631 Leanne Trail,,South Christianberg,City of Edinburgh,N0 6TR,0114 496 0328,52,basic,16.8,257,9,,,,,,,,,,,,
762,,Jennifer,Jenkins,01 Leslie Union,,South Staceytown,Angus,PL7A 9RW,(01632)960485,38,enterprise,25.11,180,1,,,,,,,,,,,,
763,,Daniel,White-Gough,Flat 0,Lewis Corner,North Sophie,South Yorkshire,G5F 9RJ,1414960022,39,pro,26.33,195,8,,,,,,,,,,,,
764,,Abbie,Slater-Bell,0 Bird Burg,,Lake Dominic,Hertfordshire,MK3M 2LU,+44909 8790940,47,pro,33.53,196,7,,,,,,,,,,,,
765,,Malcolm,Mills,5 Reece Prairie,,Rogersberg,Breconshire,S54 6GQ,(0116)4960942,40,basic,16.99,215,9,,,,,,,,,,,,
766,,Kathleen,Sullivan,Flat 3,Colin Keys,Patrickhaven,Oxfordshire,WV69 5JQ,+44(0)151 496 0035,45,pro,34.9,205,10,,,,,,,,,,,,
767,,Duncan,Wright,Studio 27,Richardson Burgs,Port Anthony,Pembrokeshire,G5 9NZ,1314960484,44,basic,19.55,208,10,,,,,,,,,,,,
768,,Joanna,Kennedy,87 Goddard Vista,,Smithville,South Yorkshire,SA47 9LY,1214960309,50,basic,17.44,213,10,,,,,,,,,,,,
769,,Danielle,Parker-Hutchinson,4 Leah Ramp,,Port Richardshire,North Ayrshire,N6F 7JB,(020) 7496 0955,64,enterprise,35.42,221,6,,,,,,,,,,,,
770,,Mary,Singh,5 Sharon Pines,,West Matthewberg,North Yorkshire,FK67 5TB,+44117 4960731,47,basic,16.85,211,10,,,,,,,,,,,,
771,Mr,Allan,Kaur,Studio 78N,Joe Freeway,New Ianton,Aberdeenshire,KT45 7TN,(0113)4960182,53,basic,19.41,206,10,,,,,,,,,,,,
772,,Ashley,Williams,779 Bethany Circle,,Nixonberg,Eilean Siar,E79 1FQ,292018386,51,pro,33.63,168,8,,,,,,,,,,,,
773,,Marilyn,Walker,290 Green Stravenue,,Jonesshire,Warwickshire,IM5W 8RY,+44191 4960405,54,pro,28.01,233,8,,,,,,,,,,,,
774,,Damian,Ford,Flat 25D,Taylor Station,Barkerborough,North Lanarkshire,HG9H 3XS,+44(0)1614960977,43,pro,31.2,228,9,,,,,,,,,,,,
775,Mrs,Mary,Powell,Studio 03,Phillips Garden,Josephinefort,Stirling,LL1 0DY,+44(0)115 4960316,68,basic,19.32,233,10,,,,,,,,,,,,
776,,Katy,Parry,Studio 02s,Hannah Trafficway,Jacquelineberg,Down,E8J 6SA,0151 496 0008,43,basic,15.89,189,8,,,,,,,,,,,,
777,,Francesca,Pearson-Roberts,Studio 99H,Sian Walks,North Carl,Leicestershire,L7 2XB,0131 4960150,54,basic,16.03,207,9,,,,,,,,,,,,
778,,Joel,Crawford-Nash,75 Jasmine Way,,South Victor,West Midlands,NN88 8AA,+44(0)1632 960943,33,pro,32.36,217,9,,,,,,,,,,,,
779,,Sam,Kelly,Studio 2,Francis Corners,East Rachel,Pembrokeshire,CT7 3HN,029 2018866,25,basic,19.08,164,8,,,,,,,,,,,,
780,,Lynn,Powell-French,366 George Harbors,,New Oliverton,Nottinghamshire,SG8 1HX,+44121 4960324,57,basic,18.37,253,9,,,,,,,,,,,,
781,Mr,Trevor,Sanders,Flat 60,Alexander Club,North Lynn,Orkney Islands,E7A 8ZZ,1914960728,40,basic,19.76,171,8,,,,,,,,,,,,
782,,Terence,Bird-Pritchard,Studio 2,Kirby Trace,Laurenborough,West Lothian,M2E 0RG,+44(0)141 4960733,48,basic,19.3,194,9,,,,,,,,,,,,
783,,Gavin,Dean,323 Baxter Terrace,,West Phillip,North Yorkshire,N54 4QQ,(0115) 4960806,57,pro,30.06,195,7,,,,,,,,,,,,
784,Mr,Brian,Davies,Studio 10,Joshua Neck,Walshchester,Northamptonshire,M47 1GE,+44(0)28 9018104,52,basic,17.33,184,9,,,,,,,,,,,,
785,Mrs,Lydia,Kaur,4 Debra Run,,Shannonview,Norfolk,LL7 0RG,0114 4960642,46,basic,18.14,201,9,,,,,,,,,,,,
786,,Douglas,Martin,Studio 49n,Katy Springs,Milesfurt,Hertfordshire,E0S 7AB,(020) 74960954,64,basic,17.19,205,9,,,,,,,,,,,,
787,,Marian,Shaw,9 King Crescent,,Port Stanley,South Lanarkshire,M45 3BN,0808 157 0888,45,pro,25.37,199,7,,,,,,,,,,,,
788,Dr,Susan,Smith,Flat 14A,Jayne Shores,East Kathrynburgh,Kent,TW11 9JL,4.41915E+11,29,basic,17.34,246,9,,,,,,,,,,,,
789,,Stewart,Waters,Studio 84,Marion Ford,New Hilary,Dumfries and Galloway,NG55 4NP,+44(0)113 4960807,54,basic,15.69,208,9,,,,,,,,,,,,
790,,Brandon,Williams,000 Gill Grove,,West Pamela,Glasgow City,BT27 9ZT,44289018678,46,pro,25.21,146,8,,,,,,,,,,,,
791,,Michael,Taylor,84 Turner Burgs,,West Carlshire,Norfolk,S99 3EX,+44131 4960969,32,basic,15.33,209,10,,,,,,,,,,,,
792,Ms,Emily,Fuller,81 Damien Tunnel,,South Shaneville,Staffordshire,SS4R 2WL,+44(0)20 7496 0955,48,basic,18.1,139,8,,,,,,,,,,,,
793,,Beth,Armstrong,11 Wilson Squares,,Farrellland,Anglesey,HD2 0TW,+44(0)909 8790682,38,basic,16,244,9,,,,,,,,,,,,
794,,Angela,Jones-Francis,Studio 37,Holloway Mission,Port Leigh,Hertfordshire,CF11 7GW,+4429 2018089,40,pro,33.74,205,10,,,,,,,,,,,,
795,,Geraldine,Craig,550 Gareth Flats,,West Joanneport,East Renfrewshire,B4B 1SS,4.41315E+11,43,basic,17.97,192,9,,,,,,,,,,,,
796,Dr,Valerie,Hamilton,76 Leon Mill,,East Debrabury,Renfrewshire,UB7Y 4QJ,+44191 4960689,47,basic,15.44,158,8,,,,,,,,,,,,
797,,Sam,Jackson,Flat 36,Joshua Lodge,North Marion,Glasgow City,N2F 3DE,1614960535,28,basic,18.36,263,9,,,,,,,,,,,,
798,,Danny,Taylor-Collier,5 Danielle Hollow,,Dobsonchester,Scottish Borders,L04 7XJ,(0118) 4960397,57,basic,17.57,126,7,,,,,,,,,,,,
799,,Nigel,Wallace,Flat 08A,Antony Trace,Claremouth,North Yorkshire,BB3B 2GQ,+44(0)118 496 0984,48,basic,19.91,202,10,,,,,,,,,,,,
800,,Teresa,Hughes-White,Flat 2,Johnson Islands,Hillmouth,Montgomeryshire,TS7 0AH,+44909 8790620,60,basic,17.66,239,9,,,,,,,,,,,,
801,,Mathew,Price,Flat 21h,Richard Parkways,West Shaun,Down,CO8W 0EQ,+44116 496 0826,72,basic,15.61,140,7,,,,,,,,,,,,
802,,Carolyn,Gray,Flat 02,Williams Glens,Whiteburgh,East Ayrshire,NW0W 8DY,+44(0)141 496 0311,51,pro,31.41,213,10,,,,,,,,,,,,
803,Dr,Abdul,Williams,1 Douglas Groves,,Stewartport,Anglesey,N1J 6EZ,1214960361,47,basic,19.94,215,10,,,,,,,,,,,,
804,Miss,Jayne,Martin,3 Jane Greens,,Harrisonmouth,Cardiganshire,G18 5FD,028 9018 0091,48,enterprise,39.6,142,5,,,,,,,,,,,,
805,,Natasha,Wood,Flat 5,Harper Prairie,Mortonborough,West Berkshire,IV1 6DL,2074960469,37,enterprise,37.58,207,4,,,,,,,,,,,,
806,,Terry,Davies-Williams,76 Patel Ramp,,West Neilchester,Merseyside,B89 8YR,0151 496 0409,55,enterprise,33.22,197,7,,,,,,,,,,,,
807,,Philip,Craig,Flat 13H,Jane Forest,Philipport,Hertfordshire,IV97 0HB,9098790277,39,basic,16.05,202,9,,,,,,,,,,,,
